case,block,klass,actual_cursor,n3_cursor,n2_cursor,n1_cursor,onset,recovery,pitch_changed,n3_pitch_changed,n2_pitch_changed,n1_pitch_changed
a_ref_vocal_fullfx,185,MC+3+,1,0,0,0,1,0,0,1,1,1
a_ref_vocal_fullfx,231,MC+1,1,1,1,1,0,0,0,1,1,0
a_ref_vocal_fullfx,282,MC+1,1,1,1,1,0,0,0,1,1,1
a_ref_vocal_fullfx,335,MC+1,1,1,1,1,0,0,0,1,1,1
a_ref_vocal_fullfx,384,MC+1,1,1,1,1,0,0,0,1,1,0
a_ref_vocal_fullfx,433,MC+1,1,1,1,1,0,0,0,1,1,0
a_ref_vocal_fullfx,481,MC+1,1,1,1,1,0,0,0,1,1,1
a_ref_vocal_fullfx,535,MC+1,1,1,1,1,0,0,0,1,1,0
a_ref_vocal_fullfx,707,MC+3+,1,0,0,0,1,0,0,1,1,1
a_ref_vocal_fullfx,720,MC+1,1,1,1,1,0,0,0,1,1,0
a_ref_vocal_fullfx,769,MC+1,1,1,1,1,0,0,0,1,1,1
a_ref_vocal_fullfx,817,MC+1,1,1,1,1,0,0,0,1,1,0
a_ref_vocal_fullfx,875,MC+3+,1,0,0,0,1,0,0,0,0,0
a_ref_vocal_fullfx,925,MC+1,1,1,1,1,0,0,0,1,1,0
a_ref_vocal_fullfx,974,MC+1,1,1,1,1,0,0,0,1,1,0
a_ref_vocal_fullfx,1020,MC+1,1,1,1,1,0,0,0,1,1,1
a_ref_vocal_fullfx,1070,MC+1,1,1,1,1,0,0,0,1,1,1
a_ref_vocal_fullfx,1116,MC+1,1,1,1,1,0,0,0,1,1,0
a_ref_vocal_fullfx,1164,MC+1,1,1,1,1,0,0,0,1,1,1
a_ref_vocal_fullfx,1194,MC+3+,1,0,0,0,0,0,0,1,1,1
a_ref_vocal_fullfx,1289,MC+3+,1,0,0,0,1,0,0,0,0,0
a_ref_vocal_fullfx,1297,MC+1,1,1,1,1,0,0,0,1,1,1
a_ref_vocal_fullfx,1345,MC+1,1,1,1,1,0,0,0,1,0,0
a_ref_vocal_fullfx,1393,MC+1,1,1,1,1,0,0,0,1,1,0
a_ref_vocal_fullfx,1442,MC+1,1,1,1,1,0,0,0,1,1,0
a_ref_vocal_fullfx,1488,MC+1,1,1,1,1,0,0,0,1,1,0
a_ref_vocal_fullfx,1537,MC+1,1,1,1,1,0,0,0,1,1,0
a_ref_vocal_fullfx,1584,MC+1,1,1,1,1,0,0,0,1,1,1
a_ref_vocal_fullfx,1635,MC+1,1,1,1,1,0,0,0,1,0,0
a_ref_vocal_fullfx,1681,MC+1,1,1,1,1,0,0,0,1,1,0
a_ref_vocal_fullfx,1729,MC+1,1,1,1,1,0,0,0,1,1,1
a_ref_vocal_fullfx,1776,MC+1,1,1,1,1,0,0,0,1,1,0
a_ref_vocal_fullfx,1825,MC+1,1,1,1,1,0,0,0,1,1,0
a_ref_vocal_fullfx,1874,MC+1,1,1,1,1,0,0,0,1,0,0
a_ref_vocal_fullfx,1920,MC+1,1,1,1,1,0,0,0,1,1,1
a_ref_vocal_fullfx,1969,MC+1,1,1,1,1,0,0,0,1,1,0
a_ref_vocal_fullfx,2020,MC+1,1,1,1,1,0,0,0,1,1,0
a_ref_vocal_fullfx,2064,MC+1,1,1,1,1,0,0,0,1,1,0
a_ref_vocal_fullfx,2117,MC+1,1,1,1,1,0,0,0,1,1,1
a_ref_vocal_fullfx,2166,MC+1,1,1,1,1,0,0,0,1,1,1
a_ref_vocal_fullfx,3479,MC+3+,1,0,0,0,0,0,0,0,0,0
a_ref_vocal_fullfx,3516,MC+1,1,1,1,1,0,0,0,1,1,0
a_ref_vocal_fullfx,3564,MC+1,1,1,1,1,0,0,0,1,1,1
a_ref_vocal_fullfx,3612,MC+1,1,1,1,1,0,0,1,1,1,1
a_ref_vocal_fullfx,3662,MC+1,1,1,1,1,0,0,0,1,1,0
a_ref_vocal_fullfx,3707,MC+1,1,1,1,1,0,0,0,1,1,1
a_ref_vocal_fullfx,3756,MC+1,1,1,1,1,0,0,0,1,1,1
a_ref_vocal_fullfx,3804,MC+1,1,1,1,1,0,0,0,1,1,0
a_ref_vocal_fullfx,3853,MC+1,1,1,1,1,0,0,0,1,1,0
a_ref_vocal_fullfx,6605,MC+3+,1,0,0,0,0,0,0,0,0,0
a_ref_vocal_fullfx,6609,MC+1,1,1,1,1,0,0,0,0,0,0
a_ref_vocal_fullfx,6660,MC+1,1,1,1,1,0,0,0,1,1,1
a_ref_vocal_fullfx,6713,MC+1,1,1,1,1,0,0,0,1,1,1
a_ref_vocal_fullfx,6954,MC+3+,1,0,0,0,0,0,0,1,1,1
a_ref_vocal_fullfx,6981,MC+1,1,1,1,1,0,0,0,1,1,0
a_ref_vocal_fullfx,7026,MC+1,1,1,1,1,0,0,0,1,1,0
a_ref_vocal_fullfx,7074,MC+1,1,1,1,1,0,0,1,1,1,1
a_ref_vocal_fullfx,7122,MC+1,1,1,1,1,0,0,0,1,1,1
a_ref_vocal_fullfx,7171,MC+1,1,1,1,1,0,0,0,1,1,0
a_ref_vocal_fullfx,7218,MC+1,1,1,1,1,0,0,0,1,1,1
a_ref_vocal_fullfx,7267,MC+1,1,1,1,1,0,0,0,1,0,0
a_ref_vocal_fullfx,7313,MC+1,1,1,1,1,0,0,0,1,1,1
a_ref_vocal_fullfx,7363,MC+1,1,1,1,1,0,0,0,1,1,0
a_ref_vocal_fullfx,7409,MC+1,1,1,1,1,0,0,0,1,1,1
a_ref_vocal_fullfx,7460,MC+1,1,1,1,1,0,0,0,1,1,0
a_ref_vocal_fullfx,7506,MC+1,1,1,1,1,0,0,0,1,1,1
a_ref_vocal_fullfx,7553,MC+1,1,1,1,1,0,0,0,1,1,1
a_ref_vocal_fullfx,7604,MC+1,1,1,1,1,0,0,0,1,1,0
a_ref_vocal_fullfx,7650,MC+1,1,1,1,1,0,0,0,1,1,1
a_ref_vocal_fullfx,7704,MC+1,1,1,1,1,0,0,0,1,1,0
a_ref_vocal_fullfx,7754,MC+1,1,1,1,1,0,0,0,1,1,0
a_ref_vocal_fullfx,7800,MC+1,1,1,1,1,0,0,0,1,1,0
a_ref_vocal_fullfx,8010,MC+3+,1,0,0,0,0,0,0,1,1,1
a_ref_vocal_fullfx,8053,MC+1,1,1,1,1,0,0,0,1,1,1
a_ref_vocal_fullfx,8100,MC+1,1,1,1,1,0,0,0,1,1,1
a_ref_vocal_fullfx,8149,MC+1,1,1,1,1,0,0,1,1,1,1
a_ref_vocal_fullfx,8299,MC+3+,1,0,0,0,0,0,0,1,1,1
a_ref_vocal_fullfx,8352,MC+1,1,1,1,1,0,0,0,1,1,1
a_ref_vocal_fullfx,8400,MC+1,1,1,1,1,0,0,0,1,1,1
a_ref_vocal_fullfx,8450,MC+1,1,1,1,1,0,0,0,1,1,1
a_ref_vocal_fullfx,8496,MC+1,1,1,1,1,0,0,0,1,1,0
a_ref_vocal_fullfx,8543,MC+1,1,1,1,1,0,0,0,1,1,1
a_ref_vocal_fullfx,8592,MC+1,1,1,1,1,0,0,0,1,1,1
a_ref_vocal_fullfx,8641,MC+1,1,1,1,1,0,0,0,1,1,1
a_ref_vocal_fullfx,8687,MC+1,1,1,1,1,0,0,0,1,1,1
a_ref_vocal_fullfx,8738,MC+1,1,1,1,1,0,0,0,1,1,1
a_ref_vocal_fullfx,8785,MC+1,1,1,1,1,0,0,0,1,0,0
a_ref_vocal_fullfx,8833,MC+1,1,1,1,1,0,0,0,1,1,1
a_ref_vocal_fullfx,8880,MC+1,1,1,1,1,0,0,0,1,1,1
a_ref_vocal_fullfx,8929,MC+1,1,1,1,1,0,0,0,1,1,1
a_ref_vocal_fullfx,8993,MC+3+,1,0,0,0,0,0,0,1,1,1
a_ref_vocal_fullfx,9031,MC+1,1,1,1,1,0,0,0,1,1,0
a_ref_vocal_fullfx,9080,MC+1,1,1,1,1,0,0,0,1,1,0
a_ref_vocal_fullfx,9129,MC+1,1,1,1,1,0,0,0,1,1,0
a_ref_vocal_fullfx,9173,MC+1,1,1,1,1,0,0,0,1,1,1
a_ref_vocal_fullfx,9224,MC+1,1,1,1,1,0,0,1,1,1,0
a_ref_vocal_fullfx,9271,MC+1,1,1,1,1,0,0,0,1,1,1
a_ref_vocal_fullfx,9320,MC+1,1,1,1,1,0,0,0,1,1,0
a_ref_vocal_fullfx,9702,MC+3+,1,0,0,0,1,0,0,1,1,1
a_ref_vocal_fullfx,9760,MC+1,1,1,1,1,0,0,0,1,1,0
a_ref_vocal_fullfx,9805,MC+1,1,1,1,1,0,0,0,1,1,0
a_ref_vocal_fullfx,9854,MC+1,1,1,1,1,0,0,0,1,1,0
a_ref_vocal_fullfx,9900,MC+1,1,1,1,1,0,0,0,1,1,1
a_ref_vocal_fullfx,9983,MC+3+,1,0,0,0,1,0,0,0,0,0
a_ref_vocal_fullfx,10020,MC+1,1,1,1,1,0,0,0,1,1,1
a_ref_vocal_fullfx,10069,MC+1,1,1,1,1,0,0,0,1,1,0
a_ref_vocal_fullfx,10116,MC+1,1,1,1,1,0,0,0,1,1,0
a_ref_vocal_fullfx,10165,MC+1,1,1,1,1,0,0,0,1,0,0
a_ref_vocal_fullfx,10213,MC+1,1,1,1,1,0,0,0,1,1,0
a_ref_vocal_fullfx,10260,MC+1,1,1,1,1,0,0,0,1,1,1
a_ref_vocal_fullfx,10310,MC+1,1,1,1,1,0,0,0,1,1,0
a_ref_vocal_fullfx,10364,MC+1,1,1,1,1,0,0,0,1,1,0
a_ref_vocal_fullfx,10519,MC+3+,1,0,0,0,1,0,0,1,1,0
a_ref_vocal_fullfx,10543,MC+1,1,1,1,1,0,0,0,1,1,0
a_ref_vocal_fullfx,10591,MC+1,1,1,1,1,0,0,0,1,1,0
a_ref_vocal_fullfx,10650,MC+1,1,1,1,1,0,0,0,1,1,1
a_ref_vocal_fullfx,10698,MC+1,1,1,1,1,0,0,0,1,1,0
a_ref_vocal_fullfx,10747,MC+1,1,1,1,1,0,0,0,1,1,0
a_ref_vocal_fullfx,10808,MC+3+,1,0,0,0,1,0,0,1,1,1
a_ref_vocal_fullfx,10861,MC+1,1,1,1,1,0,0,0,1,1,0
a_ref_vocal_fullfx,10911,MC+1,1,1,1,1,0,0,0,1,1,0
a_ref_vocal_fullfx,10956,MC+1,1,1,1,1,0,0,0,1,1,0
a_ref_vocal_fullfx,11003,MC+1,1,1,1,1,0,0,0,1,1,1
a_ref_vocal_fullfx,11052,MC+1,1,1,1,1,0,0,0,1,1,1
a_ref_vocal_fullfx,11100,MC+1,1,1,1,1,0,0,0,1,1,1
a_ref_vocal_fullfx,11149,MC+1,1,1,1,1,0,0,0,1,1,1
a_ref_vocal_fullfx,11198,MC+1,1,1,1,1,0,0,0,1,1,1
a_ref_vocal_fullfx,11327,MC+3+,1,0,0,0,1,0,0,1,1,1
a_ref_vocal_fullfx,11365,MC+1,1,1,1,1,0,0,0,1,1,0
a_ref_vocal_fullfx,11413,MC+1,1,1,1,1,0,0,0,1,1,1
a_ref_vocal_fullfx,11469,MC+1,1,1,1,1,0,0,0,1,1,1
a_ref_vocal_fullfx,11522,MC+1,1,1,1,1,0,0,0,1,0,0
a_ref_vocal_fullfx,11747,MC+3+,1,0,0,0,0,0,0,1,1,1
a_ref_vocal_fullfx,11761,MC+1,1,1,1,1,0,0,0,1,1,1
a_ref_vocal_fullfx,11808,MC+1,1,1,1,1,0,0,0,1,1,0
a_ref_vocal_fullfx,11863,MC+1,1,1,1,1,0,0,0,1,1,1
a_ref_vocal_fullfx,11910,MC+1,1,1,1,1,0,0,0,1,1,1
a_ref_vocal_fullfx,11957,MC+1,1,1,1,1,0,0,0,1,1,1
a_ref_vocal_fullfx,12005,MC+1,1,1,1,1,0,0,0,1,1,1
a_ref_vocal_fullfx,12054,MC+1,1,1,1,1,0,0,0,1,1,0
a_ref_vocal_fullfx,12103,MC+1,1,1,1,1,0,0,0,1,1,0
a_ref_vocal_fullfx,12149,MC+1,1,1,1,1,0,0,0,1,1,1
a_ref_vocal_fullfx,12199,MC+1,1,1,1,1,0,0,0,1,1,1
a_ref_vocal_fullfx,12246,MC+1,1,1,1,1,0,0,0,1,1,0
a_ref_vocal_fullfx,12450,MC+3+,1,0,0,0,0,0,0,1,1,1
a_ref_vocal_fullfx,12464,MC+1,1,1,1,1,0,0,0,1,1,0
a_ref_vocal_fullfx,12512,MC+1,1,1,1,1,0,0,0,1,1,0
a_ref_vocal_fullfx,12557,MC+1,1,1,1,1,0,0,0,1,1,1
a_ref_vocal_fullfx,12606,MC+1,1,1,1,1,0,0,0,1,1,1
a_ref_vocal_fullfx,12654,MC+1,1,1,1,1,0,0,0,1,1,1
a_ref_vocal_fullfx,12702,MC+1,1,1,1,1,0,0,0,1,1,1
a_ref_vocal_fullfx,12750,MC+1,1,1,1,1,0,0,0,1,1,1
a_ref_vocal_fullfx,12798,MC+1,1,1,1,1,0,0,0,1,1,1
a_ref_vocal_fullfx,12846,MC+1,1,1,1,1,0,0,0,1,1,0
a_ref_vocal_fullfx,12893,MC+1,1,1,1,1,0,0,0,1,1,1
a_ref_vocal_fullfx,12943,MC+1,1,1,1,1,0,0,0,1,1,0
a_ref_vocal_fullfx,12990,MC+1,1,1,1,1,0,0,0,1,1,0
a_ref_vocal_fullfx,13040,MC+1,1,1,1,1,0,0,0,1,1,0
a_ref_vocal_fullfx,13089,MC+1,1,1,1,1,0,0,0,1,1,0
a_ref_vocal_fullfx,13133,MC+1,1,1,1,1,0,0,0,1,1,1
a_ref_vocal_fullfx,13184,MC+1,1,1,1,1,0,0,0,1,1,0
a_ref_vocal_fullfx,13621,MC+3+,1,0,0,0,0,0,0,1,1,1
a_ref_vocal_fullfx,13657,MC+1,1,1,1,1,0,0,0,1,1,0
a_ref_vocal_fullfx,13705,MC+1,1,1,1,1,0,0,0,1,1,0
a_ref_vocal_fullfx,13754,MC+1,1,1,1,1,0,0,0,1,1,0
a_ref_vocal_fullfx,13805,MC+1,1,1,1,1,0,0,0,1,1,1
a_ref_vocal_fullfx,13854,MC+1,1,1,1,1,0,0,0,1,1,0
a_ref_vocal_fullfx,13903,MC+1,1,1,1,1,0,0,0,1,1,0
a_ref_vocal_fullfx,13952,MC+1,1,1,1,1,0,0,0,1,1,0
a_ref_vocal_fullfx,13998,MC+1,1,1,1,1,0,0,0,1,1,0
a_ref_vocal_fullfx,14049,MC+1,1,1,1,1,0,0,0,1,1,0
a_ref_vocal_fullfx,14095,MC+1,1,1,1,1,0,0,0,1,1,0
a_ref_vocal_fullfx,14144,MC+1,1,1,1,1,0,0,0,1,1,0
a_ref_vocal_fullfx,14197,MC+1,1,1,1,1,0,0,0,1,0,0
a_ref_vocal_fullfx,14245,MC+1,1,1,1,1,0,0,0,1,0,0
a_ref_vocal_fullfx,14293,MC+1,1,1,1,1,0,0,0,1,1,0
a_ref_vocal_fullfx,14347,MC+1,1,1,1,1,0,0,0,1,0,0
a_ref_vocal_fullfx,14393,MC+1,1,1,1,1,0,0,0,1,1,1
a_ref_vocal_fullfx,14443,MC+1,1,1,1,1,0,0,0,1,1,0
a_ref_vocal_fullfx,15059,MC+3+,1,0,0,0,0,0,0,1,1,1
a_ref_vocal_fullfx,15069,MC+1,1,1,1,1,0,0,0,1,1,1
a_ref_vocal_fullfx,15123,MC+1,1,1,1,1,0,0,0,1,0,0
a_ref_vocal_fullfx,15174,MC+1,1,1,1,1,0,0,0,1,1,1
a_ref_vocal_fullfx,15225,MC+1,1,1,1,1,0,0,0,1,0,0
a_ref_vocal_fullfx,15272,MC+1,1,1,1,1,0,0,0,1,1,0
a_ref_vocal_fullfx,15320,MC+1,1,1,1,1,1,0,0,1,1,1
a_ref_vocal_fullfx,15366,MC+1,1,1,1,1,0,0,0,1,1,0
a_ref_vocal_fullfx,15413,MC+1,1,1,1,1,0,0,0,1,1,1
a_ref_vocal_fullfx,15464,MC+1,1,1,1,1,0,0,0,1,0,0
a_ref_vocal_fullfx,15511,MC+1,1,1,1,1,0,0,0,1,1,1
a_ref_vocal_fullfx,15559,MC+1,1,1,1,1,0,0,0,1,1,1
a_ref_vocal_fullfx,15609,MC+1,1,1,1,1,0,0,0,1,1,0
a_ref_vocal_fullfx,15655,MC+1,1,1,1,1,0,0,0,1,1,0
a_ref_vocal_fullfx,15677,MC+3+,1,0,0,0,0,0,1,1,1,1
a_ref_vocal_fullfx,15819,MC+2,1,0,0,0,0,0,0,1,1,1
a_ref_vocal_fullfx,15837,MC+1,1,1,1,1,0,0,0,0,0,0
a_ref_vocal_fullfx,15893,MC+3+,1,0,0,0,0,0,0,0,0,0
a_ref_vocal_fullfx,15937,MC+1,1,1,1,1,0,0,0,1,1,0
a_ref_vocal_fullfx,15983,MC+1,1,1,1,1,0,0,0,1,1,1
a_ref_vocal_fullfx,16033,MC+1,1,1,1,1,0,0,0,1,1,1
a_ref_vocal_fullfx,16080,MC+1,1,1,1,1,0,0,0,1,1,1
a_ref_vocal_fullfx,16129,MC+1,1,1,1,1,0,0,0,1,1,1
a_ref_vocal_fullfx,16176,MC+1,1,1,1,1,0,0,0,1,1,0
a_ref_vocal_fullfx,16224,MC+1,1,1,1,1,0,0,0,1,1,1
a_ref_vocal_fullfx,16273,MC+1,1,1,1,1,0,0,0,1,1,1
a_ref_vocal_fullfx,16321,MC+1,1,1,1,1,0,0,0,1,1,0
a_ref_vocal_fullfx,16370,MC+1,1,1,1,1,0,0,0,1,1,1
a_ref_vocal_fullfx,16416,MC+1,1,1,1,1,0,0,0,1,1,0
a_ref_vocal_fullfx,16464,MC+1,1,1,1,1,0,0,0,1,1,1
a_ref_vocal_fullfx,16513,MC+1,1,1,1,1,0,0,0,1,1,0
a_ref_vocal_fullfx,16722,MC+3+,1,0,0,0,1,0,0,0,0,0
a_ref_vocal_fullfx,16747,MC+1,1,1,1,1,0,0,0,1,0,0
a_ref_vocal_fullfx,16793,MC+1,1,1,1,1,0,0,0,1,1,1
a_ref_vocal_fullfx,16842,MC+1,1,1,1,1,0,0,0,1,1,1
a_ref_vocal_fullfx,16890,MC+1,1,1,1,1,0,0,0,1,1,1
a_ref_vocal_fullfx,16941,MC+1,1,1,1,1,0,0,0,1,1,0
a_ref_vocal_fullfx,16986,MC+1,1,1,1,1,0,0,0,1,1,0
a_ref_vocal_fullfx,17034,MC+1,1,1,1,1,0,0,0,1,1,0
a_ref_vocal_fullfx,17084,MC+1,1,1,1,1,0,0,0,1,0,0
a_ref_vocal_fullfx,17243,MC+3+,1,0,0,0,1,0,0,1,1,1
a_ref_vocal_fullfx,17275,MC+1,1,1,1,1,0,0,0,1,1,0
a_ref_vocal_fullfx,17323,MC+1,1,1,1,1,0,0,0,1,1,1
a_ref_vocal_fullfx,17413,MC+3+,1,0,0,0,1,0,0,1,1,1
a_ref_vocal_fullfx,17423,MC+1,1,1,1,1,0,0,0,1,1,1
a_ref_vocal_fullfx,17473,MC+1,1,1,1,1,0,0,0,1,1,0
a_ref_vocal_fullfx,17520,MC+1,1,1,1,1,0,0,0,1,1,1
a_ref_vocal_fullfx,17570,MC+1,1,1,1,1,0,0,0,1,1,0
a_ref_vocal_fullfx,17616,MC+1,1,1,1,1,0,0,0,1,1,1
a_ref_vocal_fullfx,17664,MC+1,1,1,1,1,0,0,0,1,1,1
a_ref_vocal_fullfx,17713,MC+1,1,1,1,1,0,0,1,1,1,1
a_ref_vocal_fullfx,17731,MC+3+,1,0,0,0,0,0,0,1,1,1
a_ref_vocal_fullfx,17825,MC+3+,1,0,0,0,1,0,0,1,1,1
a_ref_vocal_fullfx,17845,MC+1,1,1,1,1,0,0,0,1,1,0
a_ref_vocal_fullfx,17894,MC+1,1,1,1,1,0,0,0,1,1,0
a_ref_vocal_fullfx,17941,MC+1,1,1,1,1,0,0,0,1,1,0
a_ref_vocal_fullfx,17988,MC+1,1,1,1,1,0,0,0,1,1,0
a_ref_vocal_fullfx,18039,MC+1,1,1,1,1,0,0,0,1,1,1
a_ref_vocal_fullfx,18093,MC+1,1,1,1,1,0,0,0,1,0,0
a_ref_vocal_fullfx,18137,MC+1,1,1,1,1,0,0,0,1,1,1
a_ref_vocal_fullfx,18186,MC+1,1,1,1,1,0,0,0,1,1,0
a_ref_vocal_fullfx,18234,MC+1,1,1,1,1,0,0,0,1,1,1
a_ref_vocal_fullfx,18289,MC+1,1,1,1,1,0,0,0,1,1,1
a_ref_vocal_fullfx,18336,MC+1,1,1,1,1,0,0,0,1,1,1
a_ref_vocal_fullfx,18385,MC+1,1,1,1,1,0,0,0,1,0,0
a_ref_vocal_fullfx,18433,MC+1,1,1,1,1,0,0,0,1,1,1
a_ref_vocal_fullfx,18480,MC+1,1,1,1,1,0,0,0,1,1,1
a_ref_vocal_fullfx,18529,MC+1,1,1,1,1,0,0,0,1,1,1
a_ref_vocal_fullfx,18575,MC+1,1,1,1,1,0,0,0,1,1,1
a_ref_vocal_fullfx,18624,MC+1,1,1,1,1,0,0,0,1,1,1
a_ref_vocal_fullfx,18673,MC+1,1,1,1,1,0,0,0,1,1,1
a_ref_vocal_fullfx,20015,MC+3+,1,0,0,0,0,0,0,0,0,0
a_ref_vocal_fullfx,20029,MC+1,1,1,1,1,0,0,0,1,1,1
a_ref_vocal_fullfx,20076,MC+1,1,1,1,1,0,0,0,1,1,1
a_ref_vocal_fullfx,20124,MC+1,1,1,1,1,0,0,0,1,1,1
a_ref_vocal_fullfx,20174,MC+1,1,1,1,1,0,0,0,1,1,0
a_ref_vocal_fullfx,20220,MC+1,1,1,1,1,0,0,0,1,1,1
a_ref_vocal_fullfx,20268,MC+1,1,1,1,1,0,0,0,1,1,1
a_ref_vocal_fullfx,20315,MC+1,1,1,1,1,0,0,0,1,1,1
a_ref_vocal_fullfx,20364,MC+1,1,1,1,1,0,0,0,1,1,1
a_ref_vocal_fullfx,20414,MC+1,1,1,1,1,0,0,0,1,1,0
a_ref_vocal_fullfx,23143,MC+3+,1,0,0,0,0,0,0,1,1,1
a_ref_vocal_fullfx,23181,MC+1,1,1,1,1,0,0,0,1,1,0
a_ref_vocal_fullfx,23241,MC+1,1,1,1,1,0,0,1,1,1,0
a_ref_vocal_fullfx,23286,MC+1,1,1,1,1,0,0,0,1,1,0
a_ref_vocal_fullfx,23490,MC+3+,1,0,0,0,0,0,0,1,1,1
a_ref_vocal_fullfx,23545,MC+1,1,1,1,1,0,0,0,1,1,0
a_ref_vocal_fullfx,23593,MC+1,1,1,1,1,0,0,0,1,1,0
a_ref_vocal_fullfx,23641,MC+1,1,1,1,1,0,0,0,1,1,1
a_ref_vocal_fullfx,23688,MC+1,1,1,1,1,0,0,0,1,1,1
a_ref_vocal_fullfx,23736,MC+1,1,1,1,1,0,0,0,1,1,0
a_ref_vocal_fullfx,23784,MC+1,1,1,1,1,0,0,0,1,1,0
a_ref_vocal_fullfx,23832,MC+1,1,1,1,1,0,0,0,1,1,1
a_ref_vocal_fullfx,23879,MC+1,1,1,1,1,0,0,0,1,1,1
a_ref_vocal_fullfx,23927,MC+1,1,1,1,1,0,0,0,1,1,1
a_ref_vocal_fullfx,23976,MC+1,1,1,1,1,0,0,0,1,1,0
a_ref_vocal_fullfx,24023,MC+1,1,1,1,1,0,0,0,1,1,1
a_ref_vocal_fullfx,24073,MC+1,1,1,1,1,0,0,0,1,1,1
a_ref_vocal_fullfx,24121,MC+1,1,1,1,1,0,0,0,1,1,1
a_ref_vocal_fullfx,24170,MC+1,1,1,1,1,0,0,0,1,1,0
a_ref_vocal_fullfx,24216,MC+1,1,1,1,1,0,0,0,1,1,0
a_ref_vocal_fullfx,24264,MC+1,1,1,1,1,0,0,0,1,1,1
a_ref_vocal_fullfx,24315,MC+1,1,1,1,1,0,0,0,1,0,0
a_ref_vocal_fullfx,24548,MC+3+,1,0,0,0,0,0,0,1,1,1
a_ref_vocal_fullfx,24563,MC+1,1,1,1,1,0,0,0,1,1,1
a_ref_vocal_fullfx,24613,MC+1,1,1,1,1,0,0,0,1,1,0
a_ref_vocal_fullfx,24660,MC+1,1,1,1,1,0,0,0,1,1,1
a_ref_vocal_fullfx,24839,MC+3+,1,0,0,0,0,0,0,1,1,1
a_ref_vocal_fullfx,24865,MC+1,1,1,1,1,0,0,0,1,1,0
a_ref_vocal_fullfx,24919,MC+1,1,1,1,1,0,0,0,1,1,0
a_ref_vocal_fullfx,24965,MC+1,1,1,1,1,0,0,0,1,1,1
a_ref_vocal_fullfx,25014,MC+1,1,1,1,1,0,0,0,1,1,0
a_ref_vocal_fullfx,25063,MC+1,1,1,1,1,0,0,0,1,1,0
a_ref_vocal_fullfx,25109,MC+1,1,1,1,1,0,0,0,1,1,1
a_ref_vocal_fullfx,25161,MC+1,1,1,1,1,0,0,0,1,0,0
a_ref_vocal_fullfx,25207,MC+1,1,1,1,1,0,0,0,1,1,0
a_ref_vocal_fullfx,25256,MC+1,1,1,1,1,0,0,0,1,0,0
a_ref_vocal_fullfx,25304,MC+1,1,1,1,1,0,0,0,1,1,0
a_ref_vocal_fullfx,25351,MC+1,1,1,1,1,0,0,0,1,1,0
a_ref_vocal_fullfx,25401,MC+1,1,1,1,1,0,0,0,1,0,0
a_ref_vocal_fullfx,25446,MC+1,1,1,1,1,0,0,0,1,1,0
a_ref_vocal_fullfx,25530,MC+3+,1,0,0,0,0,0,0,1,1,1
a_ref_vocal_fullfx,25539,MC+1,1,1,1,1,0,0,0,1,1,0
a_ref_vocal_fullfx,25590,MC+1,1,1,1,1,0,0,0,1,1,1
a_ref_vocal_fullfx,25638,MC+1,1,1,1,1,0,0,0,1,1,1
a_ref_vocal_fullfx,25686,MC+1,1,1,1,1,0,0,0,1,1,0
a_ref_vocal_fullfx,25733,MC+1,1,1,1,1,0,0,0,1,1,1
a_ref_vocal_fullfx,25782,MC+1,1,1,1,1,0,0,1,1,1,1
a_ref_vocal_fullfx,25832,MC+1,1,1,1,1,0,0,0,1,1,0
a_ref_vocal_fullfx,26239,MC+3+,1,0,0,0,1,0,0,1,1,1
a_ref_vocal_fullfx,26267,MC+1,1,1,1,1,0,0,0,1,1,1
a_ref_vocal_fullfx,26316,MC+1,1,1,1,1,0,0,0,1,1,0
a_ref_vocal_fullfx,26364,MC+1,1,1,1,1,0,0,0,1,1,0
a_ref_vocal_fullfx,26414,MC+1,1,1,1,1,0,0,0,1,1,0
a_ref_vocal_fullfx,26520,MC+3+,1,0,0,0,1,0,0,0,0,0
a_ref_vocal_fullfx,26533,MC+1,1,1,1,1,0,0,0,1,1,1
a_ref_vocal_fullfx,26580,MC+1,1,1,1,1,0,0,0,1,1,1
a_ref_vocal_fullfx,26628,MC+1,1,1,1,1,0,0,1,1,1,0
a_ref_vocal_fullfx,26680,MC+1,1,1,1,1,0,0,0,1,1,0
a_ref_vocal_fullfx,26731,MC+1,1,1,1,1,0,0,0,1,1,1
a_ref_vocal_fullfx,26784,MC+1,1,1,1,1,0,0,0,1,1,1
a_ref_vocal_fullfx,26833,MC+1,1,1,1,1,0,0,0,1,1,0
a_ref_vocal_fullfx,26881,MC+1,1,1,1,1,0,0,0,1,1,1
a_ref_vocal_fullfx,26930,MC+1,1,1,1,1,0,0,0,1,1,1
a_ref_vocal_fullfx,27059,MC+3+,1,0,0,0,0,0,0,1,1,1
a_ref_vocal_fullfx,27109,MC+1,1,1,1,1,0,0,0,1,1,1
a_ref_vocal_fullfx,27155,MC+1,1,1,1,1,0,0,0,1,1,1
a_ref_vocal_fullfx,27211,MC+1,1,1,1,1,0,0,0,1,1,0
a_ref_vocal_fullfx,27258,MC+1,1,1,1,1,0,0,0,1,1,1
a_ref_vocal_fullfx,27347,MC+3+,1,0,0,0,1,0,0,1,1,1
a_ref_vocal_fullfx,27374,MC+1,1,1,1,1,0,0,0,1,1,0
a_ref_vocal_fullfx,27422,MC+1,1,1,1,1,0,0,0,1,1,0
a_ref_vocal_fullfx,27467,MC+1,1,1,1,1,0,0,0,1,1,1
a_ref_vocal_fullfx,27521,MC+1,1,1,1,1,0,0,0,1,0,0
a_ref_vocal_fullfx,27570,MC+1,1,1,1,1,0,0,0,1,1,1
a_ref_vocal_fullfx,27623,MC+1,1,1,1,1,0,0,0,1,1,1
a_ref_vocal_fullfx,27674,MC+1,1,1,1,1,0,0,0,1,0,0
a_ref_vocal_fullfx,27721,MC+1,1,1,1,1,0,0,0,1,1,0
a_ref_vocal_fullfx,27863,MC+3+,1,0,0,0,1,0,0,1,1,1
a_ref_vocal_fullfx,27891,MC+1,1,1,1,1,0,0,0,1,1,0
a_ref_vocal_fullfx,27936,MC+1,1,1,1,1,0,0,0,1,1,0
a_ref_vocal_fullfx,27984,MC+1,1,1,1,1,0,0,0,1,1,0
a_ref_vocal_fullfx,28034,MC+1,1,1,1,1,0,0,0,1,1,0
a_ref_vocal_fullfx,28082,MC+1,1,1,1,1,0,0,0,1,0,0
a_ref_vocal_fullfx,28283,MC+3+,1,0,0,0,0,0,0,0,0,0
a_ref_vocal_fullfx,28314,MC+1,1,1,1,1,0,0,0,1,1,0
a_ref_vocal_fullfx,28363,MC+1,1,1,1,1,0,0,0,1,1,0
a_ref_vocal_fullfx,28410,MC+1,1,1,1,1,0,0,0,1,1,1
a_ref_vocal_fullfx,28459,MC+1,1,1,1,1,0,0,0,1,1,1
a_ref_vocal_fullfx,28508,MC+1,1,1,1,1,0,0,0,1,1,1
a_ref_vocal_fullfx,28554,MC+1,1,1,1,1,0,0,0,1,1,1
a_ref_vocal_fullfx,28614,MC+1,1,1,1,1,0,0,0,1,1,1
a_ref_vocal_fullfx,28667,MC+1,1,1,1,1,0,0,0,1,1,1
a_ref_vocal_fullfx,28717,MC+1,1,1,1,1,0,0,0,1,1,0
a_ref_vocal_fullfx,28770,MC+1,1,1,1,1,0,0,0,1,1,1
a_ref_vocal_fullfx,28821,MC+1,1,1,1,1,0,0,1,1,1,0
a_ref_vocal_fullfx,28985,MC+3+,1,0,0,0,1,0,0,1,1,1
a_ref_vocal_fullfx,29040,MC+1,1,1,1,1,0,0,0,1,1,1
a_ref_vocal_fullfx,29087,MC+1,1,1,1,1,0,0,0,1,1,1
a_ref_vocal_fullfx,29135,MC+1,1,1,1,1,0,0,0,1,1,1
a_ref_vocal_fullfx,29185,MC+1,1,1,1,1,0,0,0,1,1,0
a_ref_vocal_fullfx,29233,MC+1,1,1,1,1,0,0,0,1,1,0
a_ref_vocal_fullfx,29281,MC+1,1,1,1,1,0,0,0,1,1,0
a_ref_vocal_fullfx,29329,MC+1,1,1,1,1,0,0,0,1,1,0
a_ref_vocal_fullfx,29375,MC+1,1,1,1,1,0,0,0,1,1,1
a_ref_vocal_fullfx,29424,MC+1,1,1,1,1,0,0,0,1,1,0
a_ref_vocal_fullfx,29472,MC+1,1,1,1,1,0,0,0,1,1,1
a_ref_vocal_fullfx,29520,MC+1,1,1,1,1,0,0,0,1,1,0
a_ref_vocal_fullfx,29568,MC+1,1,1,1,1,0,0,0,1,1,0
a_ref_vocal_fullfx,29616,MC+1,1,1,1,1,0,0,0,1,1,1
a_ref_vocal_fullfx,29664,MC+1,1,1,1,1,0,0,0,1,1,0
a_ref_vocal_fullfx,29718,MC+1,1,1,1,1,0,0,0,1,1,1
a_ref_vocal_fullfx,30158,MC+3+,1,0,0,0,0,0,0,0,0,0
a_ref_vocal_fullfx,30185,MC+1,1,1,1,1,0,0,0,1,1,1
a_ref_vocal_fullfx,30241,MC+1,1,1,1,1,0,0,0,1,1,0
a_ref_vocal_fullfx,30287,MC+1,1,1,1,1,0,0,0,1,1,1
a_ref_vocal_fullfx,30336,MC+1,1,1,1,1,0,0,0,1,1,0
a_ref_vocal_fullfx,30385,MC+1,1,1,1,1,0,0,0,1,0,0
a_ref_vocal_fullfx,30434,MC+1,1,1,1,1,0,0,0,1,1,0
a_ref_vocal_fullfx,30480,MC+1,1,1,1,1,0,0,0,1,1,0
a_ref_vocal_fullfx,30529,MC+1,1,1,1,1,0,0,0,1,1,1
a_ref_vocal_fullfx,30575,MC+1,1,1,1,1,0,0,0,1,1,1
a_ref_vocal_fullfx,30624,MC+1,1,1,1,1,0,0,0,1,1,1
a_ref_vocal_fullfx,30673,MC+1,1,1,1,1,0,0,0,1,1,1
a_ref_vocal_fullfx,30721,MC+1,1,1,1,1,0,0,0,1,1,0
a_ref_vocal_fullfx,30767,MC+1,1,1,1,1,0,0,0,1,1,1
a_ref_vocal_fullfx,30815,MC+1,1,1,1,1,0,0,0,1,1,1
a_ref_vocal_fullfx,30864,MC+1,1,1,1,1,0,0,0,1,1,0
a_ref_vocal_fullfx,30913,MC+1,1,1,1,1,0,0,0,1,1,0
a_ref_vocal_fullfx,30963,MC+1,1,1,1,1,0,0,0,1,0,0
a_ref_vocal_fullfx,31007,MC+1,1,1,1,1,0,0,0,1,1,1
a_ref_vocal_fullfx,31595,MC+3+,1,0,0,0,0,0,0,0,0,0
a_ref_vocal_fullfx,31635,MC+1,1,1,1,1,0,0,0,1,0,0
a_ref_vocal_fullfx,31689,MC+1,1,1,1,1,0,0,0,1,1,0
a_ref_vocal_fullfx,31735,MC+1,1,1,1,1,0,0,0,1,1,0
a_ref_vocal_fullfx,31785,MC+1,1,1,1,1,0,0,0,1,0,0
a_ref_vocal_fullfx,31830,MC+1,1,1,1,1,0,0,0,1,1,1
a_ref_vocal_fullfx,31880,MC+1,1,1,1,1,0,0,0,1,1,1
a_ref_vocal_fullfx,31925,MC+1,1,1,1,1,0,0,0,1,1,1
a_ref_vocal_fullfx,31974,MC+1,1,1,1,1,0,0,0,1,1,1
a_ref_vocal_fullfx,32022,MC+1,1,1,1,1,0,0,0,1,1,1
a_ref_vocal_fullfx,32070,MC+1,1,1,1,1,0,0,0,1,1,1
a_ref_vocal_fullfx,32121,MC+1,1,1,1,1,0,0,0,1,1,0
a_ref_vocal_fullfx,32166,MC+1,1,1,1,1,0,0,0,1,1,0
a_ref_vocal_fullfx,32213,MC+3+,1,0,0,0,0,0,0,1,1,1
a_ref_vocal_fullfx,32245,MC+1,1,1,1,1,0,0,0,1,1,0
a_ref_vocal_fullfx,32358,MC+3+,1,0,0,0,0,0,0,1,1,1
a_ref_vocal_fullfx,32431,MC+3+,1,0,0,0,0,0,0,1,1,1
a_ref_vocal_fullfx,32453,MC+1,1,1,1,1,0,0,0,1,1,1
a_ref_vocal_fullfx,32504,MC+1,1,1,1,1,0,0,0,1,1,0
a_ref_vocal_fullfx,32550,MC+1,1,1,1,1,0,0,0,1,1,1
a_ref_vocal_fullfx,32597,MC+1,1,1,1,1,0,0,0,1,1,1
a_ref_vocal_fullfx,32646,MC+1,1,1,1,1,0,0,0,1,1,0
a_ref_vocal_fullfx,32694,MC+1,1,1,1,1,0,0,1,1,1,1
a_ref_vocal_fullfx,32745,MC+1,1,1,1,1,0,0,0,1,0,0
a_ref_vocal_fullfx,32792,MC+1,1,1,1,1,0,0,0,1,0,0
a_ref_vocal_fullfx,32838,MC+1,1,1,1,1,0,0,0,1,1,1
a_ref_vocal_fullfx,32898,MC+1,1,1,1,1,0,0,0,1,1,1
a_ref_vocal_fullfx,32949,MC+1,1,1,1,1,0,0,0,1,1,1
a_ref_vocal_fullfx,32993,MC+1,1,1,1,1,0,0,0,1,1,1
a_ref_vocal_fullfx,33042,MC+1,1,1,1,1,0,0,0,1,1,1
a_ref_vocal_fullfx,33259,MC+3+,1,0,0,0,1,0,0,1,1,1
a_ref_vocal_fullfx,33280,MC+1,1,1,1,1,0,0,0,1,1,0
a_ref_vocal_fullfx,33324,MC+1,1,1,1,1,0,0,0,1,1,0
a_ref_vocal_fullfx,33373,MC+1,1,1,1,1,0,0,0,1,1,0
a_ref_vocal_fullfx,33421,MC+1,1,1,1,1,0,0,0,1,1,0
a_ref_vocal_fullfx,33468,MC+1,1,1,1,1,0,0,0,1,1,0
a_ref_vocal_fullfx,33519,MC+1,1,1,1,1,0,0,0,1,1,1
a_ref_vocal_fullfx,33563,MC+1,1,1,1,1,0,0,0,1,1,1
a_ref_vocal_fullfx,33612,MC+1,1,1,1,1,0,0,0,1,1,1
a_ref_vocal_fullfx,33781,MC+3+,1,0,0,0,1,0,0,1,1,1
a_ref_vocal_fullfx,33804,MC+1,1,1,1,1,0,0,0,1,1,1
a_ref_vocal_fullfx,33854,MC+1,1,1,1,1,0,0,0,1,1,0
a_ref_vocal_fullfx,33905,MC+1,1,1,1,1,0,0,1,1,1,1
a_ref_vocal_fullfx,33950,MC+3+,1,0,0,0,1,0,0,1,1,1
a_ref_vocal_fullfx,34002,MC+1,1,1,1,1,0,0,0,1,1,1
a_ref_vocal_fullfx,34049,MC+1,1,1,1,1,0,0,0,1,1,1
a_ref_vocal_fullfx,34099,MC+1,1,1,1,1,0,0,0,1,1,1
a_ref_vocal_fullfx,34147,MC+1,1,1,1,1,0,0,0,1,1,0
a_ref_vocal_fullfx,34195,MC+1,1,1,1,1,0,0,0,1,1,0
a_ref_vocal_fullfx,34244,MC+1,1,1,1,1,0,0,1,1,1,0
a_ref_vocal_fullfx,34269,MC+3+,1,0,0,0,0,0,0,1,1,1
a_ref_vocal_fullfx,34312,MC+1,1,1,1,1,0,0,0,1,0,0
a_ref_vocal_fullfx,34362,MC+2,1,0,0,0,1,0,0,0,0,0
a_ref_vocal_fullfx,34415,MC+1,1,1,1,1,0,0,0,1,1,1
a_ref_vocal_fullfx,34463,MC+1,1,1,1,1,0,0,1,1,1,1
a_ref_vocal_fullfx,34515,MC+1,1,1,1,1,0,0,0,1,0,0
a_ref_vocal_fullfx,34561,MC+1,1,1,1,1,0,0,0,1,1,0
a_ref_vocal_fullfx,34608,MC+1,1,1,1,1,0,0,0,1,1,0
a_ref_vocal_fullfx,34659,MC+1,1,1,1,1,0,0,0,1,1,1
a_ref_vocal_fullfx,34705,MC+1,1,1,1,1,0,0,0,1,1,0
a_ref_vocal_fullfx,34752,MC+1,1,1,1,1,0,0,0,1,1,1
a_ref_vocal_fullfx,34800,MC+1,1,1,1,1,0,0,0,1,1,1
a_ref_vocal_fullfx,34849,MC+1,1,1,1,1,0,0,0,1,1,0
a_ref_vocal_fullfx,34896,MC+1,1,1,1,1,0,0,0,1,1,0
a_ref_vocal_fullfx,34944,MC+1,1,1,1,1,0,0,0,1,1,0
a_ref_vocal_fullfx,34993,MC+1,1,1,1,1,0,0,0,1,1,0
a_ref_vocal_fullfx,35046,MC+1,1,1,1,1,0,0,0,1,1,0
a_ref_vocal_fullfx,35099,MC+1,1,1,1,1,0,0,0,1,1,1
a_ref_vocal_fullfx,35150,MC+1,1,1,1,1,0,0,0,1,1,0
a_ref_vocal_fullfx,35195,MC+1,1,1,1,1,0,0,0,1,1,1
a_ref_vocal_fullfx,35243,MC+1,1,1,1,1,0,0,0,1,1,1
a_ref_vocal_fullfx,36552,MC+3+,1,0,0,0,0,0,0,1,1,1
a_ref_vocal_fullfx,36600,MC+1,1,1,1,1,0,0,0,1,1,1
a_ref_vocal_fullfx,36647,MC+1,1,1,1,1,0,0,0,1,1,1
a_ref_vocal_fullfx,36696,MC+1,1,1,1,1,0,0,1,1,1,0
a_ref_vocal_fullfx,36744,MC+1,1,1,1,1,0,0,0,1,1,0
a_ref_vocal_fullfx,36792,MC+1,1,1,1,1,0,0,0,1,1,1
a_ref_vocal_fullfx,36841,MC+1,1,1,1,1,0,0,0,1,1,0
a_ref_vocal_fullfx,36887,MC+1,1,1,1,1,0,0,0,1,1,1
a_ref_vocal_fullfx,36936,MC+1,1,1,1,1,0,0,0,1,1,1
a_ref_vocal_fullfx,39679,MC+2,1,0,0,0,0,0,0,1,0,0
a_ref_vocal_fullfx,39710,MC+1,1,1,1,1,0,0,0,1,1,1
a_ref_vocal_fullfx,39775,MC+1,1,1,1,1,0,0,0,1,1,0
a_ref_vocal_fullfx,39824,MC+1,1,1,1,1,0,0,0,1,1,0
a_ref_vocal_fullfx,40029,MC+3+,1,0,0,0,0,0,0,1,1,1
a_ref_vocal_fullfx,40079,MC+1,1,1,1,1,0,0,0,1,1,1
a_ref_vocal_fullfx,40129,MC+1,1,1,1,1,0,0,0,1,1,1
a_ref_vocal_fullfx,40175,MC+1,1,1,1,1,0,0,0,1,1,1
a_ref_vocal_fullfx,40224,MC+1,1,1,1,1,0,0,0,1,1,1
a_ref_vocal_fullfx,40273,MC+1,1,1,1,1,0,0,0,1,1,1
a_ref_vocal_fullfx,40322,MC+1,1,1,1,1,0,0,0,1,1,0
a_ref_vocal_fullfx,40368,MC+1,1,1,1,1,0,0,0,1,1,0
a_ref_vocal_fullfx,40416,MC+1,1,1,1,1,0,0,0,1,1,0
a_ref_vocal_fullfx,40465,MC+1,1,1,1,1,0,0,0,1,1,0
a_ref_vocal_fullfx,40513,MC+1,1,1,1,1,0,0,0,1,1,0
a_ref_vocal_fullfx,40562,MC+1,1,1,1,1,0,0,0,1,1,0
a_ref_vocal_fullfx,40611,MC+1,1,1,1,1,0,0,0,1,1,0
a_ref_vocal_fullfx,40656,MC+1,1,1,1,1,0,0,1,1,1,0
a_ref_vocal_fullfx,40710,MC+1,1,1,1,1,0,0,0,1,1,1
a_ref_vocal_fullfx,40760,MC+1,1,1,1,1,0,0,0,1,1,1
a_ref_vocal_fullfx,40806,MC+1,1,1,1,1,0,0,0,1,1,0
a_ref_vocal_fullfx,40854,MC+1,1,1,1,1,0,0,1,1,1,1
a_ref_vocal_fullfx,41087,MC+3+,1,0,0,0,0,0,0,1,1,1
a_ref_vocal_fullfx,41105,MC+1,1,1,1,1,0,0,0,1,1,1
a_ref_vocal_fullfx,41154,MC+1,1,1,1,1,0,0,0,1,1,0
a_ref_vocal_fullfx,41203,MC+1,1,1,1,1,0,0,0,1,1,0
d_step_80_160,43,MC+1,1,1,1,1,0,0,0,1,1,1
d_step_80_160,98,MC+1,1,1,1,1,0,0,0,1,1,1
d_step_80_160,152,MC+1,1,1,1,1,0,0,0,1,1,0
d_step_80_160,207,MC+1,1,1,1,1,0,0,0,1,0,0
d_step_80_160,259,MC+1,1,1,1,1,0,0,0,1,1,1
d_step_80_160,308,MC+1,1,1,1,1,0,0,0,1,1,1
d_step_80_160,356,MC+1,1,1,1,1,0,0,0,1,1,1
d_step_80_160,405,MC+1,1,1,1,1,0,0,0,1,1,0
d_step_80_160,451,MC+1,1,1,1,1,0,0,0,1,1,1
d_step_80_160,500,MC+1,1,1,1,1,0,0,0,1,1,0
d_step_80_160,549,MC+1,1,1,1,1,0,0,0,1,1,0
d_step_80_160,595,MC+1,1,1,1,1,0,0,0,1,1,1
d_step_80_160,647,MC+1,1,1,1,1,0,0,0,1,0,0
d_step_80_160,696,MC+1,1,1,1,1,0,0,0,1,0,0
d_step_80_160,735,MC+3+,1,0,0,0,0,0,0,1,1,1
d_step_80_160,783,MC+1,1,1,1,1,0,0,0,1,0,0
d_step_80_160,857,MC+1,1,1,1,1,0,0,0,1,0,0
d_step_80_160,920,MC+1,1,1,1,1,0,0,0,1,1,0
d_step_80_160,989,MC+1,1,1,1,1,0,0,0,0,0,0
d_step_80_160,1058,MC+1,1,1,1,1,0,0,0,1,1,1
d_step_80_160,1127,MC+1,1,1,1,1,0,0,0,0,0,0
d_step_80_160,1196,MC+1,1,1,1,1,0,0,0,1,1,1
d_step_80_160,1265,MC+1,1,1,1,1,0,0,0,1,1,0
d_step_80_160,1334,MC+1,1,1,1,1,0,0,0,1,1,1
d_step_80_160,1403,MC+1,1,1,1,1,0,0,0,0,0,0
d_step_80_160,1472,MC+1,1,1,1,1,0,0,0,1,1,0
d_step_80_160,1541,MC+1,1,1,1,1,0,0,0,0,0,0
d_step_80_160,1610,MC+1,1,1,1,1,0,0,0,1,1,0
d_step_80_160,1685,MC+1,1,1,1,1,0,0,0,1,1,0
d_step_80_160,1759,MC+1,1,1,1,1,0,0,0,1,1,1
d_step_80_160,1834,MC+1,1,1,1,1,0,0,0,1,1,0
d_step_80_160,1903,MC+1,1,1,1,1,0,0,0,1,1,1
d_step_80_160,1972,MC+1,1,1,1,1,0,0,0,0,0,0
d_step_80_160,2041,MC+1,1,1,1,1,0,0,0,1,1,1
d_step_80_160,2111,MC+1,1,1,1,1,0,0,0,0,0,0
d_step_80_160,2157,MC+1,1,1,1,1,0,0,1,1,0,0
d_step_80_160,2207,MC+1,1,1,1,1,0,0,0,1,0,0
d_step_80_160,2255,MC+1,1,1,1,1,0,0,0,1,1,0
d_step_80_160,2299,MC+1,1,1,1,1,0,0,0,1,1,1
d_step_80_160,2353,MC+1,1,1,1,1,0,0,0,1,1,0
d_step_80_160,2414,MC+1,1,1,1,1,0,0,0,1,1,1
d_step_80_160,2468,MC+1,1,1,1,1,0,0,0,1,1,0
d_step_80_160,2523,MC+1,1,1,1,1,0,0,0,1,0,0
d_step_80_160,2569,MC+1,1,1,1,1,0,0,0,1,1,1
d_step_80_160,2623,MC+1,1,1,1,1,0,0,0,1,1,1
d_step_80_160,2667,MC+1,1,1,1,1,0,0,0,1,1,0
d_step_80_160,2715,MC+1,1,1,1,1,0,0,0,1,1,1
d_step_80_160,2764,MC+1,1,1,1,1,0,0,0,1,1,1
d_step_80_160,2810,MC+1,1,1,1,1,0,0,0,1,1,0
d_step_80_160,2859,MC+1,1,1,1,1,0,0,0,1,0,0
d_step_80_160,2905,MC+1,1,1,1,1,0,0,0,1,1,0
d_step_80_160,2954,MC+1,1,1,1,1,0,0,0,1,1,1
d_step_80_160,3003,MC+1,1,1,1,1,0,0,0,1,1,1
d_step_80_160,3063,MC+1,1,1,1,1,0,0,0,1,1,1
d_step_80_160,3121,MC+1,1,1,1,1,0,0,0,1,1,1
d_step_80_160,3178,MC+1,1,1,1,1,0,0,0,1,0,0
d_step_80_160,3227,MC+1,1,1,1,1,0,0,0,1,0,0
d_step_80_160,3270,MC+1,1,1,1,1,0,0,0,1,1,1
d_step_80_160,3325,MC+1,1,1,1,1,0,0,0,1,1,1
d_step_80_160,3377,MC+1,1,1,1,1,0,0,0,1,0,0
d_step_80_160,3420,MC+1,1,1,1,1,0,0,0,1,1,1
d_step_80_160,3495,MC+3+,1,0,0,0,0,0,1,1,1,1
d_step_80_160,3500,MC+1,1,1,1,1,0,0,0,1,1,0
d_step_80_160,3568,MC+1,1,1,1,1,0,0,0,1,0,0
d_step_80_160,3637,MC+1,1,1,1,1,0,0,0,0,0,0
d_step_80_160,3706,MC+1,1,1,1,1,0,0,0,1,1,0
d_step_80_160,3780,MC+1,1,1,1,1,0,0,0,0,0,0
d_step_80_160,3844,MC+1,1,1,1,1,0,0,0,1,1,1
d_step_80_160,3913,MC+1,1,1,1,1,0,0,0,1,1,1
d_step_80_160,3982,MC+1,1,1,1,1,0,0,0,0,0,0
d_step_80_160,4051,MC+1,1,1,1,1,0,0,0,1,1,1
d_step_80_160,4120,MC+1,1,1,1,1,0,0,0,0,0,0
d_step_80_160,4189,MC+1,1,1,1,1,0,0,0,1,1,1
d_step_80_160,4258,MC+1,1,1,1,1,0,0,0,1,0,0
d_step_80_160,4327,MC+1,1,1,1,1,0,0,0,0,0,0
d_step_80_160,4396,MC+1,1,1,1,1,0,0,0,1,1,0
d_step_80_160,4465,MC+1,1,1,1,1,0,0,0,1,1,1
d_step_80_160,4534,MC+1,1,1,1,1,0,0,0,1,1,1
d_step_80_160,4603,MC+1,1,1,1,1,0,0,0,1,1,0
d_step_80_160,4672,MC+1,1,1,1,1,0,0,0,0,0,0
d_step_80_160,4740,MC+1,1,1,1,1,0,0,0,1,1,1
d_step_80_160,4809,MC+1,1,1,1,1,0,0,0,1,1,0
d_step_80_160,4877,MC+1,1,1,1,1,0,0,1,1,0,0
d_step_80_160,4925,MC+1,1,1,1,1,0,0,0,1,1,0
d_step_80_160,4969,MC+1,1,1,1,1,0,0,0,1,1,1
d_step_80_160,5018,MC+1,1,1,1,1,0,0,0,1,1,1
d_step_80_160,5067,MC+1,1,1,1,1,0,0,0,1,1,0
d_step_80_160,5124,MC+1,1,1,1,1,0,0,0,1,1,1
d_step_80_160,5173,MC+1,1,1,1,1,0,0,0,1,1,1
d_step_80_160,5228,MC+1,1,1,1,1,0,0,0,1,1,1
d_step_80_160,5277,MC+1,1,1,1,1,0,0,0,1,1,0
d_step_80_160,5326,MC+1,1,1,1,1,0,0,0,1,1,0
d_step_80_160,5372,MC+1,1,1,1,1,0,0,0,1,0,0
d_step_80_160,5426,MC+1,1,1,1,1,0,0,0,1,1,1
d_step_80_160,5475,MC+1,1,1,1,1,0,0,0,1,1,0
d_step_80_160,5524,MC+1,1,1,1,1,0,0,0,1,1,0
d_step_80_160,5570,MC+1,1,1,1,1,0,0,0,1,1,0
d_step_80_160,5619,MC+1,1,1,1,1,0,0,0,1,1,0
d_step_80_160,5665,MC+1,1,1,1,1,0,0,0,1,1,1
d_step_80_160,5714,MC+1,1,1,1,1,0,0,0,1,0,0
d_step_80_160,5765,MC+1,1,1,1,1,0,0,0,1,1,0
d_step_80_160,5820,MC+1,1,1,1,1,0,0,0,1,1,1
d_step_80_160,5883,MC+1,1,1,1,1,0,0,0,1,0,0
d_step_80_160,5941,MC+1,1,1,1,1,0,0,0,1,1,0
d_step_80_160,5990,MC+1,1,1,1,1,0,0,0,1,1,0
d_step_80_160,6044,MC+1,1,1,1,1,0,0,0,1,1,1
d_step_80_160,6093,MC+1,1,1,1,1,0,0,0,1,0,0
d_step_80_160,6139,MC+1,1,1,1,1,0,0,0,1,1,1
d_step_80_160,6188,MC+1,1,1,1,1,0,0,0,1,1,1
d_step_80_160,6252,MC+3+,1,0,0,0,0,0,0,0,0,0
d_step_80_160,6274,MC+1,1,1,1,1,0,0,1,1,1,1
d_step_80_160,6346,MC+1,1,1,1,1,0,0,0,1,1,0
d_step_80_160,6409,MC+1,1,1,1,1,0,0,0,1,1,1
d_step_80_160,6478,MC+1,1,1,1,1,0,0,0,1,0,0
d_step_80_160,6553,MC+1,1,1,1,1,0,0,0,1,1,0
d_step_80_160,6616,MC+1,1,1,1,1,0,0,0,1,1,0
d_step_80_160,6691,MC+1,1,1,1,1,0,0,0,1,1,1
d_step_80_160,6754,MC+1,1,1,1,1,0,0,0,1,1,1
d_step_80_160,6823,MC+1,1,1,1,1,0,0,0,1,1,1
d_step_80_160,6898,MC+1,1,1,1,1,0,0,0,1,0,0
d_step_147_220_330,46,MC+1,1,1,1,1,0,0,0,1,1,1
d_step_147_220_330,92,MC+1,1,1,1,1,0,0,0,1,1,1
d_step_147_220_330,140,MC+1,1,1,1,1,0,0,0,1,1,1
d_step_147_220_330,190,MC+1,1,1,1,1,0,0,0,1,1,0
d_step_147_220_330,238,MC+1,1,1,1,1,0,0,0,1,1,0
d_step_147_220_330,287,MC+1,1,1,1,1,0,0,0,1,1,0
d_step_147_220_330,333,MC+1,1,1,1,1,0,0,0,1,1,1
d_step_147_220_330,385,MC+1,1,1,1,1,0,0,0,1,1,0
d_step_147_220_330,429,MC+1,1,1,1,1,0,0,0,1,1,0
d_step_147_220_330,477,MC+1,1,1,1,1,0,0,0,1,1,1
d_step_147_220_330,525,MC+1,1,1,1,1,0,0,0,1,1,1
d_step_147_220_330,573,MC+1,1,1,1,1,0,0,0,1,1,1
d_step_147_220_330,621,MC+1,1,1,1,1,0,0,0,1,1,1
d_step_147_220_330,669,MC+1,1,1,1,1,0,0,0,1,1,1
d_step_147_220_330,720,MC+1,1,1,1,1,0,0,1,1,0,0
d_step_147_220_330,766,MC+1,1,1,1,1,0,0,0,1,1,1
d_step_147_220_330,813,MC+1,1,1,1,1,0,0,0,1,1,0
d_step_147_220_330,862,MC+1,1,1,1,1,0,0,0,1,1,0
d_step_147_220_330,909,MC+1,1,1,1,1,0,0,0,1,1,1
d_step_147_220_330,955,MC+1,1,1,1,1,0,0,0,1,0,0
d_step_147_220_330,1005,MC+1,1,1,1,1,0,0,0,1,1,1
d_step_147_220_330,1053,MC+1,1,1,1,1,0,0,0,1,1,1
d_step_147_220_330,1100,MC+1,1,1,1,1,0,0,0,1,1,1
d_step_147_220_330,1149,MC+1,1,1,1,1,0,0,0,1,1,1
d_step_147_220_330,1197,MC+1,1,1,1,1,0,0,0,1,1,1
d_step_147_220_330,1245,MC+1,1,1,1,1,0,0,0,1,1,1
d_step_147_220_330,1294,MC+1,1,1,1,1,0,0,0,1,1,1
d_step_147_220_330,1341,MC+1,1,1,1,1,0,0,0,1,1,1
d_step_147_220_330,1390,MC+1,1,1,1,1,0,0,0,1,1,0
d_step_147_220_330,1439,MC+1,1,1,1,1,0,0,0,1,1,0
d_step_147_220_330,1486,MC+1,1,1,1,1,0,0,0,1,1,1
d_step_147_220_330,1535,MC+1,1,1,1,1,0,0,0,1,1,0
d_step_147_220_330,1581,MC+1,1,1,1,1,0,0,0,1,1,1
d_step_147_220_330,1629,MC+1,1,1,1,1,0,0,0,1,1,1
d_step_147_220_330,1678,MC+1,1,1,1,1,0,0,0,1,1,1
d_step_147_220_330,1726,MC+1,1,1,1,1,0,0,0,1,1,0
d_step_147_220_330,1773,MC+1,1,1,1,1,0,0,0,1,1,1
d_step_147_220_330,1820,MC+1,1,1,1,1,0,0,0,1,1,1
d_step_147_220_330,1869,MC+1,1,1,1,1,0,0,0,1,1,1
d_step_147_220_330,1917,MC+1,1,1,1,1,0,0,0,1,1,1
d_step_147_220_330,1967,MC+1,1,1,1,1,0,0,0,1,1,0
d_step_147_220_330,2013,MC+1,1,1,1,1,0,0,0,1,1,1
d_step_147_220_330,2060,MC+1,1,1,1,1,0,0,0,1,1,1
d_step_147_220_330,2121,MC+3+,1,0,0,0,0,0,1,1,1,1
d_step_147_220_330,2155,MC+1,1,1,1,1,0,0,0,1,1,0
d_step_147_220_330,2204,MC+1,1,1,1,1,0,0,0,1,1,1
d_step_147_220_330,2254,MC+1,1,1,1,1,0,0,0,1,1,1
d_step_147_220_330,2304,MC+1,1,1,1,1,0,0,0,1,1,0
d_step_147_220_330,2364,MC+1,1,1,1,1,0,0,0,1,1,1
d_step_147_220_330,2411,MC+1,1,1,1,1,0,0,0,1,0,0
d_step_147_220_330,2458,MC+1,1,1,1,1,0,0,0,1,1,1
d_step_147_220_330,2514,MC+1,1,1,1,1,0,0,0,1,1,0
d_step_147_220_330,2558,MC+1,1,1,1,1,0,0,0,1,1,1
d_step_147_220_330,2608,MC+1,1,1,1,1,0,0,0,1,1,1
d_step_147_220_330,2664,MC+1,1,1,1,1,0,0,0,1,1,1
d_step_147_220_330,2711,MC+1,1,1,1,1,0,0,0,1,0,0
d_step_147_220_330,2758,MC+1,1,1,1,1,0,0,0,1,1,1
d_step_147_220_330,2814,MC+1,1,1,1,1,0,0,0,1,1,1
d_step_147_220_330,2861,MC+1,1,1,1,1,0,0,0,1,0,0
d_step_147_220_330,2908,MC+1,1,1,1,1,0,0,0,1,1,1
d_step_147_220_330,2955,MC+1,1,1,1,1,0,0,0,1,1,1
d_step_147_220_330,3005,MC+1,1,1,1,1,0,0,0,1,1,1
d_step_147_220_330,3055,MC+1,1,1,1,1,0,0,0,1,1,0
d_step_147_220_330,3105,MC+1,1,1,1,1,0,0,0,1,1,1
d_step_147_220_330,3155,MC+1,1,1,1,1,0,0,0,1,1,0
d_step_147_220_330,3206,MC+1,1,1,1,1,0,0,0,1,0,0
d_step_147_220_330,3256,MC+1,1,1,1,1,0,0,0,1,1,0
d_step_147_220_330,3306,MC+1,1,1,1,1,0,0,0,1,1,0
d_step_147_220_330,3353,MC+1,1,1,1,1,0,0,0,1,1,1
d_step_147_220_330,3400,MC+1,1,1,1,1,0,0,0,1,1,0
d_step_147_220_330,3450,MC+1,1,1,1,1,0,0,0,1,0,0
d_step_147_220_330,3497,MC+1,1,1,1,1,0,0,0,1,1,0
d_step_147_220_330,3549,MC+1,1,1,1,1,0,0,0,1,1,0
d_step_147_220_330,3597,MC+1,1,1,1,1,0,0,0,1,1,1
d_step_147_220_330,3646,MC+1,1,1,1,1,0,0,0,1,1,1
d_step_147_220_330,3700,MC+1,1,1,1,1,0,0,0,1,1,0
d_step_147_220_330,3748,MC+1,1,1,1,1,0,0,0,1,1,1
d_step_147_220_330,3796,MC+1,1,1,1,1,0,0,0,1,1,0
d_step_147_220_330,3850,MC+1,1,1,1,1,0,0,0,1,1,0
d_step_147_220_330,3898,MC+1,1,1,1,1,0,0,0,1,1,1
d_step_147_220_330,3947,MC+1,1,1,1,1,0,0,0,1,1,0
d_step_147_220_330,3999,MC+1,1,1,1,1,0,0,0,1,1,0
d_step_147_220_330,4047,MC+1,1,1,1,1,0,0,0,1,1,1
d_step_147_220_330,4097,MC+1,1,1,1,1,0,0,0,1,1,0
d_step_147_220_330,4149,MC+1,1,1,1,1,0,0,0,1,1,1
d_step_147_220_330,4200,MC+1,1,1,1,1,0,0,0,1,0,0
d_step_147_220_330,4246,MC+1,1,1,1,1,0,0,0,1,1,0
d_step_147_220_330,4300,MC+1,1,1,1,1,0,0,0,1,1,0
d_step_147_220_330,4348,MC+1,1,1,1,1,0,0,0,1,1,1
d_step_147_220_330,4396,MC+1,1,1,1,1,0,0,0,1,1,1
d_step_147_220_330,4448,MC+1,1,1,1,1,0,0,0,1,1,1
d_step_147_220_330,4498,MC+1,1,1,1,1,0,0,0,1,1,0
d_step_147_220_330,4547,MC+1,1,1,1,1,0,0,0,1,1,0
d_step_147_220_330,4599,MC+1,1,1,1,1,0,0,0,1,1,1
d_step_147_220_330,4649,MC+1,1,1,1,1,0,0,0,1,1,0
d_step_147_220_330,4697,MC+1,1,1,1,1,0,0,0,1,1,0
d_step_147_220_330,4749,MC+1,1,1,1,1,0,0,0,1,1,1
d_step_147_220_330,4799,MC+1,1,1,1,1,0,0,0,1,1,0
d_step_147_220_330,4847,MC+1,1,1,1,1,0,0,0,1,1,0
d_step_147_220_330,4892,MC+1,1,1,1,1,0,0,0,1,1,1
d_step_147_220_330,4941,MC+1,1,1,1,1,0,0,0,1,1,0
d_step_147_220_330,4990,MC+1,1,1,1,1,0,0,0,1,1,0
d_step_147_220_330,5038,MC+1,1,1,1,1,0,0,0,1,1,1
d_step_147_220_330,5086,MC+1,1,1,1,1,0,0,0,1,1,0
d_step_147_220_330,5136,MC+1,1,1,1,1,0,0,0,1,1,0
d_step_147_220_330,5180,MC+1,1,1,1,1,0,0,0,1,1,1
d_step_147_220_330,5228,MC+1,1,1,1,1,0,0,0,1,1,1
d_step_147_220_330,5277,MC+1,1,1,1,1,0,0,0,1,1,1
d_step_147_220_330,5324,MC+1,1,1,1,1,0,0,0,1,1,1
d_step_147_220_330,5373,MC+1,1,1,1,1,0,0,0,1,1,0
d_step_147_220_330,5422,MC+1,1,1,1,1,0,0,0,1,1,0
d_step_147_220_330,5469,MC+1,1,1,1,1,0,0,0,1,1,1
d_step_147_220_330,5518,MC+1,1,1,1,1,0,0,0,1,1,1
d_step_147_220_330,5566,MC+1,1,1,1,1,0,0,0,1,1,1
d_step_147_220_330,5612,MC+1,1,1,1,1,0,0,0,1,1,1
d_step_147_220_330,5661,MC+1,1,1,1,1,0,0,0,1,1,0
d_step_147_220_330,5709,MC+1,1,1,1,1,0,0,0,1,1,1
d_step_147_220_330,5759,MC+1,1,1,1,1,0,0,0,1,1,0
d_step_147_220_330,5805,MC+1,1,1,1,1,0,0,0,1,1,1
d_step_147_220_330,5854,MC+1,1,1,1,1,0,0,0,1,1,0
d_step_147_220_330,5900,MC+1,1,1,1,1,0,0,0,1,1,1
d_step_147_220_330,5950,MC+1,1,1,1,1,0,0,0,1,1,0
d_step_147_220_330,5997,MC+1,1,1,1,1,0,0,0,1,1,1
d_step_147_220_330,6044,MC+1,1,1,1,1,0,0,0,1,1,1
d_step_147_220_330,6093,MC+1,1,1,1,1,0,0,0,1,1,1
d_step_147_220_330,6141,MC+1,1,1,1,1,0,0,0,1,1,1
d_step_147_220_330,6189,MC+1,1,1,1,1,0,0,0,1,1,1
d_step_147_220_330,6243,MC+3+,1,0,0,0,0,0,0,1,1,1
d_step_147_220_330,6268,MC+1,1,1,1,1,0,0,1,1,1,1
d_step_147_220_330,6316,MC+1,1,1,1,1,0,0,0,1,1,0
d_step_147_220_330,6369,MC+1,1,1,1,1,0,0,0,1,1,1
d_step_147_220_330,6419,MC+1,1,1,1,1,0,0,0,1,1,0
d_step_147_220_330,6466,MC+1,1,1,1,1,0,0,0,1,1,1
d_step_147_220_330,6516,MC+1,1,1,1,1,0,0,0,1,1,0
d_step_147_220_330,6560,MC+1,1,1,1,1,0,0,0,1,1,1
d_step_147_220_330,6610,MC+1,1,1,1,1,0,0,0,1,1,0
d_step_147_220_330,6669,MC+1,1,1,1,1,0,0,0,1,1,1
d_step_147_220_330,6719,MC+1,1,1,1,1,0,0,0,1,0,0
d_step_147_220_330,6766,MC+1,1,1,1,1,0,0,0,1,1,1
d_step_147_220_330,6819,MC+1,1,1,1,1,0,0,0,1,1,1
d_step_147_220_330,6869,MC+1,1,1,1,1,0,0,0,1,1,0
d_step_147_220_330,6916,MC+1,1,1,1,1,0,0,0,1,1,1
