case,block,class,model_serial,n1_newest_serial,n1_recency_rank,n1_model_available,n1_control_key_exact,n1_shift_exact,n1_amount_exact,n1_lambda_exact,n1_gamma_exact,n1_rate_exact,n1_mode_exact,n1_norm_exact,n3_model_available,n2_model_available,addgrain_cycles,select_cycles,model_near_cycles,cache_lookup_cycles,polynomial_cycles,gain_cycles,cache_path
a_ref_vocal_fullfx,185,MC+3+,374,374,1,1,1,1,1,1,1,1,1,1,0,1,275845,23277,30371,16326,1446,25458,4
a_ref_vocal_fullfx,707,MC+3+,460,461,2,1,1,1,1,1,1,1,1,1,1,1,286302,20491,36414,16334,1392,33566,4
a_ref_vocal_fullfx,875,MC+3+,489,489,1,1,1,1,1,1,1,1,1,1,0,1,243744,23482,22660,16390,346,22422,4
a_ref_vocal_fullfx,1194,MC+3+,540,542,3,1,1,1,1,1,1,1,1,1,1,1,217383,12261,13701,16298,320,24826,4
a_ref_vocal_fullfx,1289,MC+3+,557,558,2,1,1,1,1,1,1,1,1,1,1,1,267874,24397,31436,16452,301,22114,4
a_ref_vocal_fullfx,3479,MC+3+,921,923,3,1,1,1,1,1,1,1,1,1,1,1,292411,22471,35542,16352,1429,32454,4
a_ref_vocal_fullfx,6605,MC+3+,1442,1444,3,1,1,1,1,1,1,1,1,1,1,1,296747,22343,36978,16362,337,30160,4
a_ref_vocal_fullfx,6954,MC+3+,1502,1502,1,1,1,1,1,1,1,1,1,1,1,1,283944,20059,31487,16370,313,35069,4
a_ref_vocal_fullfx,8010,MC+3+,1678,1678,1,1,1,1,1,1,1,1,1,1,1,1,277734,14661,35603,16326,1403,30176,4
a_ref_vocal_fullfx,8299,MC+3+,1726,1726,1,1,1,1,1,1,1,1,1,1,1,1,278245,17852,34198,16326,1435,35480,4
a_ref_vocal_fullfx,8993,MC+3+,1840,1842,3,1,1,1,1,1,1,1,1,1,1,1,280887,19981,37710,16290,1416,32663,4
a_ref_vocal_fullfx,9702,MC+3+,1960,1960,1,1,1,1,1,1,1,1,1,1,0,1,272727,19423,30392,16318,306,24847,4
a_ref_vocal_fullfx,9983,MC+3+,2004,2007,4,1,1,1,1,1,1,1,1,1,1,1,258435,15569,28688,13608,1447,27440,4
a_ref_vocal_fullfx,10519,MC+3+,2096,2096,1,1,1,1,1,1,1,1,1,1,1,1,264558,18315,22670,16318,340,30154,4
a_ref_vocal_fullfx,10808,MC+3+,2144,2144,1,1,1,1,1,1,1,1,1,1,1,1,274358,20161,27917,16318,1422,30103,4
a_ref_vocal_fullfx,11327,MC+3+,2230,2231,2,1,1,1,1,1,1,1,1,1,1,1,282038,23519,36456,16326,326,30608,4
a_ref_vocal_fullfx,11747,MC+3+,2299,2301,3,1,1,1,1,1,1,1,1,1,1,1,272018,22561,26318,19044,329,24708,4
a_ref_vocal_fullfx,12450,MC+3+,2417,2418,2,1,1,1,1,1,1,1,1,1,1,1,283127,20557,33735,21664,328,30159,4
a_ref_vocal_fullfx,13621,MC+3+,2613,2613,1,1,1,1,1,1,1,1,1,1,1,1,287929,18612,38715,16380,2942,24611,4
a_ref_vocal_fullfx,15059,MC+3+,2852,2853,2,1,1,1,1,1,1,1,1,1,1,1,291849,22229,31009,16380,697,30442,4
a_ref_vocal_fullfx,15677,MC+3+,2953,2956,4,1,1,1,1,1,1,1,1,1,1,1,203701,9351,8271,13604,1443,21857,4
a_ref_vocal_fullfx,15819,MC+2,2978,2979,2,1,1,1,1,1,1,1,1,1,1,1,276737,20767,31084,16316,1445,38383,4
a_ref_vocal_fullfx,15893,MC+3+,2992,2992,1,1,1,1,1,1,1,1,1,1,0,1,252386,17618,29370,13600,1422,24964,4
a_ref_vocal_fullfx,16722,MC+3+,3130,3130,1,1,1,1,1,1,1,1,1,1,0,1,254754,19368,30388,16380,1427,24864,4
a_ref_vocal_fullfx,17243,MC+3+,3217,3217,1,1,1,1,1,1,1,1,1,1,0,1,255173,18112,28876,16380,304,22312,4
a_ref_vocal_fullfx,17413,MC+3+,3245,3245,1,1,1,1,1,1,1,1,1,1,1,1,264285,22341,35654,16308,338,27548,4
a_ref_vocal_fullfx,17731,MC+3+,3296,3298,3,1,1,1,1,1,1,1,1,1,1,1,183486,9708,5578,13632,1411,24383,4
a_ref_vocal_fullfx,17825,MC+3+,3314,3314,1,1,1,1,1,1,1,1,1,1,0,1,244535,15831,21005,16290,1431,27736,4
a_ref_vocal_fullfx,20015,MC+3+,3677,3679,3,1,1,1,1,1,1,1,1,1,1,1,290945,22368,32936,16398,345,30377,4
a_ref_vocal_fullfx,23143,MC+3+,4199,4200,2,1,1,1,1,1,1,1,1,1,1,1,298387,22407,33828,16290,727,32550,4
a_ref_vocal_fullfx,23490,MC+3+,4258,4258,1,1,1,1,1,1,1,1,1,1,1,1,273176,17303,30400,16290,1411,27315,4
a_ref_vocal_fullfx,24548,MC+3+,4434,4434,1,1,1,1,1,1,1,1,1,1,1,1,265195,12033,27673,16290,1433,25619,4
a_ref_vocal_fullfx,24839,MC+3+,4482,4483,2,1,1,1,1,1,1,1,1,1,1,1,265305,15293,25729,16344,1424,25018,4
a_ref_vocal_fullfx,25530,MC+3+,4596,4598,3,1,1,1,1,1,1,1,1,1,1,1,253407,9629,29274,18846,726,24722,4
a_ref_vocal_fullfx,26239,MC+3+,4716,4716,1,1,1,1,1,1,1,1,1,1,1,1,271145,17011,29220,16326,738,27856,4
a_ref_vocal_fullfx,26520,MC+3+,4760,4763,4,1,1,1,1,1,1,1,1,1,1,1,268521,18341,31406,13616,314,24669,4
a_ref_vocal_fullfx,27059,MC+3+,4852,4853,2,1,1,1,1,1,1,1,1,1,1,1,280447,20693,28511,16380,1817,30500,4
a_ref_vocal_fullfx,27347,MC+3+,4900,4901,2,1,1,1,1,1,1,1,1,1,1,1,256892,11827,31288,16326,1423,27698,4
a_ref_vocal_fullfx,27863,MC+3+,4986,4987,2,1,1,1,1,1,1,1,1,1,1,1,261549,16698,31004,16344,1425,22048,4
a_ref_vocal_fullfx,28283,MC+3+,5055,5057,3,1,1,1,1,1,1,1,1,1,1,1,263092,22101,31812,16354,1412,21996,4
a_ref_vocal_fullfx,28985,MC+3+,5174,5174,1,1,1,1,1,1,1,1,1,1,0,1,271323,17877,33038,13662,301,27634,4
a_ref_vocal_fullfx,30158,MC+3+,5369,5369,1,1,1,1,1,1,1,1,1,1,1,1,280402,14079,36835,16380,1421,30194,4
a_ref_vocal_fullfx,31595,MC+3+,5608,5609,2,1,1,1,1,1,1,1,1,1,1,1,282505,21257,33723,16318,1420,27425,4
a_ref_vocal_fullfx,32213,MC+3+,5709,5712,4,1,1,1,1,1,1,1,1,1,1,1,204285,13404,7652,16362,326,25063,4
a_ref_vocal_fullfx,32358,MC+3+,5734,5736,3,1,1,1,1,1,1,1,1,1,1,1,286855,23487,31750,16282,1801,33094,4
a_ref_vocal_fullfx,32431,MC+3+,5748,5748,1,1,1,1,1,1,1,1,1,1,1,1,271791,23409,28358,23968,1812,35036,4
a_ref_vocal_fullfx,33259,MC+3+,5886,5886,1,1,1,1,1,1,1,1,1,1,1,1,277043,9402,33096,16326,327,30108,4
a_ref_vocal_fullfx,33781,MC+3+,5973,5973,1,1,1,1,1,1,1,1,1,1,1,1,282418,23469,27797,16344,1406,35608,4
a_ref_vocal_fullfx,33950,MC+3+,6001,6001,1,1,1,1,1,1,1,1,1,1,1,1,248126,10670,19922,16298,1434,32706,4
a_ref_vocal_fullfx,34269,MC+3+,6052,6054,3,1,1,1,1,1,1,1,1,1,1,1,197439,16127,10909,16362,323,24778,4
a_ref_vocal_fullfx,34362,MC+2,6070,6070,1,1,1,1,1,1,1,1,1,1,0,1,258951,21195,24172,16380,1442,30080,4
a_ref_vocal_fullfx,36552,MC+3+,6433,6435,3,1,1,1,1,1,1,1,1,1,1,1,276341,19614,34408,16318,1401,24908,4
a_ref_vocal_fullfx,39679,MC+2,6955,6956,2,1,1,1,1,1,1,1,1,1,1,1,294831,26670,33796,16344,1424,30170,4
a_ref_vocal_fullfx,40029,MC+3+,7014,7014,1,1,1,1,1,1,1,1,1,1,1,1,276690,22968,30414,16362,1393,25079,4
a_ref_vocal_fullfx,41087,MC+3+,7190,7191,2,1,1,1,1,1,1,1,1,1,1,1,267526,25445,32072,13582,1405,27542,4
d_step_80_160,735,MC+3+,7704,7706,3,1,1,1,1,1,1,1,1,1,1,1,,,,,,,4
d_step_80_160,3495,MC+3+,8164,8166,3,1,1,1,1,1,1,1,1,1,1,1,,,,,,,4
d_step_80_160,6252,MC+3+,8624,8626,3,1,1,1,1,1,1,1,1,1,1,1,,,,,,,4
d_step_147_220_330,2121,MC+3+,9432,9434,3,1,1,1,1,1,1,1,1,1,1,1,,,,,,,4
d_step_147_220_330,6243,MC+3+,10119,10121,3,1,1,1,1,1,1,1,1,1,1,1,,,,,,,4
