set,block,dsp_us,cycle_us,input_cycles,comp_cycles,harmony_cycles,delay_cycles,reverb_cycles,master_cycles,new_grains,active_grains,source_grains,grain_samples,model_lookups,model_expensive,model_warp_us,formant_changed,pitch_changed,track_state,fallback,recovery,fir_computed,fir_reused,deferred_slices,psola_sched_cycles,psola_addgrain_cycles,psola_deferred_cycles,psola_mark_cycles,psola_desc_cycles,psola_near_cycles,psola_poly_cycles,psola_gn_cycles
top,1,1785,1939,25851,4871,436889,15071,30415,5423,1,1,0,453,1,1,361.09,1,0,2,1,0,0,0,3,219227,202619,54139,39117,8312,6751,9289,76889
top,34269,1890,2052,6463,1915,547034,12871,31871,5339,3,3,0,2105,3,2,388.20,1,1,2,1,0,0,0,3,278393,241802,86477,52652,7723,18801,8688,43560
top,186,2647,2738,8403,24355,797066,12783,26043,8135,3,3,0,1285,3,1,581.79,1,0,2,1,0,0,0,3,429559,370211,114789,89389,9980,31069,14965,60047
top,6699,1295,1424,6475,75863,268078,12775,28255,5375,1,1,0,403,1,1,277.96,1,0,2,1,0,0,0,2,147781,131707,21301,8347,2922,12864,5692,24954
top,12234,1294,1458,7243,53307,269848,12627,25191,5295,1,1,0,427,1,0,98.88,0,0,2,0,0,0,0,4,128369,94915,37905,46754,3292,8426,0,0
top,40560,1400,1555,6395,53959,266938,12743,39275,5383,1,1,0,355,1,0,48.48,0,0,2,0,0,0,0,4,102271,86029,54553,41921,290,5813,0,0
top,39681,2762,2923,6439,21831,849058,12651,27323,8111,3,3,0,2495,3,1,597.95,1,0,2,1,0,0,0,3,451087,393975,119727,96012,11544,33387,20253,59771
top,18472,1365,1495,13791,53902,234914,12563,25163,5463,1,1,0,421,1,1,203.58,1,0,2,0,0,0,0,4,109945,99267,32089,22487,286,3209,5681,22079
top,12450,2587,2707,6475,56711,756246,12651,24759,5351,3,3,0,1155,3,1,576.45,1,0,2,1,0,0,0,3,405629,348461,114005,70981,11550,30561,20390,57519
top,25064,1301,1427,6443,53891,231006,15780,25427,5363,1,1,0,427,1,1,171.84,1,0,2,0,0,0,0,4,101605,90975,36394,17687,290,2750,2998,24861
top,27348,2594,2743,6499,53127,715761,12768,30587,5363,3,3,0,1071,3,1,475.23,1,0,2,1,0,0,0,3,369787,319619,102971,84881,7783,25419,14942,48941
top,17245,2611,2760,6467,56519,755190,15916,27563,5399,3,3,0,1173,3,1,533.33,1,0,2,1,0,0,0,3,413773,356297,116773,96241,11602,26003,17644,52013
top,33449,1307,1449,6467,58439,213552,36927,57475,5307,1,1,0,419,1,0,56.11,0,0,2,0,0,0,0,4,75233,53847,38179,22450,2992,3149,0,0
top,6955,2647,2807,6419,53875,773298,12867,25616,5319,3,3,0,1083,3,1,547.35,1,0,2,1,0,0,0,3,420091,360232,119847,95063,11549,28419,14910,57215
top,31597,2507,2676,6452,1882,783542,12807,24935,5291,3,3,0,1629,3,1,583.29,1,0,2,1,0,0,0,3,430127,373592,116303,87748,11556,30535,17668,59771
top,33781,2448,2590,6495,53883,707606,12972,23943,5347,3,3,0,1179,3,1,478.76,1,0,2,1,0,0,0,3,387213,331514,105869,85885,11537,14704,13847,54350
top,27865,2327,2462,6435,1915,716218,12671,30075,5383,3,3,0,1623,3,1,485.92,1,0,2,1,0,0,0,3,379583,334517,115607,88439,11546,22537,8404,51716
top,25256,1314,1440,6439,67331,211791,13843,25159,5463,1,1,0,423,1,1,148.99,1,0,2,0,0,0,0,3,77393,71939,33107,6881,4090,2432,1411,22320
top,9000,1306,1455,6479,56611,224043,13083,25490,5423,1,1,0,315,1,0,11.27,0,0,2,1,0,0,0,5,55019,44567,64544,37873,322,3094,0,0
top,1194,2056,2225,11555,2055,595178,12947,27407,5375,3,3,0,2105,3,1,404.50,1,1,2,1,0,0,0,3,312343,279342,63055,76325,5044,25312,9550,33140
top,10810,2499,2643,9282,55995,718110,12679,25028,5431,3,3,0,1071,3,1,482.34,1,0,2,1,0,0,0,3,361185,308347,114829,78905,11491,26659,12213,43724
top,3560,1375,1521,13587,54071,240525,12995,28287,5267,1,1,0,363,1,1,198.21,1,0,2,0,0,0,0,4,105210,96933,33699,14163,290,5219,3016,47885
top,9984,2505,2677,6499,53175,719566,12683,27855,5443,3,3,0,1389,3,1,528.36,1,0,2,1,0,0,0,3,388095,340610,111383,84663,11505,25854,12177,54326
top,15061,2600,2772,6475,1858,811466,12715,25111,5467,2,2,0,1066,2,1,590.15,1,0,2,1,0,0,0,2,453489,396395,109159,87584,11265,31223,14166,59682
top,25531,2520,2681,6459,53971,717970,13227,28700,5291,3,3,0,1819,3,2,533.31,1,0,2,1,0,0,0,3,403523,354253,102819,93389,11537,24845,17949,62788
top,36624,1327,1463,6422,53955,292332,13147,25231,5223,1,1,0,357,1,0,117.96,0,0,2,0,0,0,0,4,122663,90877,53645,29759,310,22701,0,0
top,32358,2371,2492,6472,1910,725909,12655,28426,5462,3,3,0,2271,3,1,539.21,1,0,2,1,0,0,0,2,398663,348935,102447,88811,9139,24456,17667,48828
top,15679,2176,2360,6431,1903,625905,12819,51235,5359,3,3,0,1067,3,2,459.40,1,1,2,1,0,0,0,3,338731,298910,83919,79973,11597,13588,14176,48771
top,32520,1354,1520,6487,55892,260859,13263,26367,5315,1,1,0,343,1,0,63.27,0,0,2,0,0,0,0,4,104501,85769,42373,47851,2974,11072,0,0
top,26240,2711,2891,6511,53987,786614,12807,28131,5331,3,3,0,1025,3,1,569.75,1,0,2,1,0,0,0,3,441591,370701,114779,90355,14359,28460,20389,57196
top,17731,1614,1747,6419,1919,444914,12655,25032,8099,3,3,0,1131,3,1,279.90,1,0,2,1,0,0,0,3,224365,199738,78833,55259,6172,9188,9495,27699
top,16424,1320,1454,6487,53135,248058,12707,25523,5491,1,1,0,421,1,1,186.81,1,0,2,0,0,0,0,4,106851,101341,40197,14961,310,2558,3022,19550
top,17414,2372,2544,6467,22615,708516,12919,24723,5407,3,3,0,1211,3,1,557.15,1,0,2,1,0,0,0,3,386663,340806,102773,80367,8987,23887,13763,57266
top,1290,2530,2663,6479,55978,727773,12799,27640,5315,3,3,0,1431,3,1,543.05,1,0,2,1,0,0,0,3,391551,342379,107005,76862,11517,31850,17945,54523
top,28986,2601,2811,17654,53899,750533,12598,24580,5351,3,3,0,1073,3,1,524.33,1,0,2,1,0,0,0,3,404375,349976,117471,92895,11578,23060,17580,48826
top,9251,1335,1485,6435,59576,292794,12719,26820,5307,1,1,0,433,1,1,173.02,1,0,2,1,0,0,0,4,136725,117935,51332,41875,4132,3101,2989,35600
top,25704,1308,1436,6463,56095,219430,13047,27460,5395,1,1,0,365,1,1,126.03,1,0,2,0,0,0,0,4,79993,74573,46357,23109,288,2418,3003,16702
top,8808,1299,1440,17359,53915,193216,12691,27691,5411,0,0,0,0,0,0,0.00,0,0,2,0,0,0,0,3,57817,50789,36967,28571,0,0,0,0
top,9059,1302,1481,12424,53191,201218,35282,49291,5279,1,1,0,319,1,0,18.82,0,0,2,0,0,0,0,4,45951,34017,45791,20386,298,3094,0,0
top,13621,2748,2918,6423,53199,810894,12684,33555,5387,3,3,0,1385,3,1,582.66,1,0,2,1,0,0,0,3,443077,380820,124627,98697,11529,30965,14957,62138
top,33261,2517,2666,6439,21827,758046,12627,25091,5399,3,3,0,1285,3,1,507.92,1,0,2,1,0,0,0,3,411515,359769,125786,95201,14372,21644,14912,54393
top,8301,2624,2801,6483,53623,761582,12719,25050,5335,3,3,0,1419,3,1,540.35,1,0,2,1,0,0,0,3,400695,348821,137463,83247,11542,28940,14914,54335
top,13800,1301,1394,6523,56591,223794,12670,28459,5399,1,1,0,425,1,1,99.26,1,0,2,0,0,0,0,4,84671,71267,43018,30689,270,2408,301,19382
top,17512,1299,1440,6391,56523,233262,12647,24200,5443,1,1,0,411,1,1,200.63,1,0,2,0,0,0,0,4,103845,93265,33485,14979,274,2434,11086,46183
top,40680,1310,1464,13811,53988,196295,13163,25919,5411,1,1,0,407,1,0,20.45,0,0,2,1,0,0,0,4,64195,45407,36071,28373,274,5259,0,0
top,8012,2657,2819,6463,53887,782678,12703,24583,5375,3,3,0,1113,3,1,584.29,1,0,2,1,0,0,0,3,422927,367384,122771,87535,9958,30921,17589,62812
top,41088,2617,2740,6516,56690,749469,12807,24799,5447,3,3,0,1113,3,1,516.46,1,0,2,1,0,0,0,3,397077,348037,119409,95046,10677,27897,14939,43869
top,39702,1295,1445,6435,55811,297965,12663,25251,5363,1,1,0,805,1,1,164.15,1,0,2,0,0,0,0,4,137649,117991,67343,43099,5750,2994,316,32509
top,26521,2551,2678,6463,53127,738394,12803,27928,5447,3,3,0,1389,3,2,560.35,1,0,2,1,0,0,0,3,421045,368322,106391,93433,11545,29996,12510,64832
top,9704,2737,2885,6431,56951,759142,12799,27328,5375,3,3,0,1021,3,1,562.87,1,0,2,1,0,0,0,3,423971,361613,110063,87459,9980,28767,14949,59765
top,20016,2781,2915,6467,53827,825222,13039,24478,8059,3,3,0,1093,3,2,642.81,1,0,2,1,0,0,0,3,461707,399158,127529,90731,11576,34721,21092,73252
top,15820,2328,2498,6583,1839,695714,12911,37867,5395,2,2,0,1514,2,1,472.24,1,0,2,1,0,0,0,2,369221,317114,109161,80352,11241,20740,17692,36029
top,16724,2519,2650,6551,21827,762458,12695,27143,10811,3,3,0,1285,3,1,519.60,1,0,2,1,0,0,0,3,409775,365222,127317,100285,11548,28202,17613,46407
top,28776,1332,1486,6450,61167,226674,12607,25980,5499,1,1,0,435,1,1,96.33,1,0,2,0,0,0,0,3,79941,71931,45959,31121,288,2382,2997,24844
top,13864,1316,1464,25589,59111,184100,12926,25236,5351,1,1,0,427,1,0,14.45,0,0,2,0,0,0,0,4,45663,37661,37950,15007,10876,3091,0,0
top,6607,2676,2829,6523,21879,830182,12739,24503,5331,3,3,0,2495,3,2,640.59,1,0,2,1,0,0,0,3,465217,405656,121327,87778,11575,36981,20606,72845
top,23491,2695,2857,6411,59311,772710,12775,27951,5443,3,3,0,1077,3,1,498.19,1,0,2,1,0,0,0,3,399129,339447,122639,86271,11542,31352,6769,43400
top,25608,1316,1456,6418,53223,280075,13159,24659,5331,1,1,0,327,1,0,49.02,0,0,2,0,0,0,0,4,85349,69231,46215,25283,304,3114,0,0
top,24549,2635,2806,6463,56023,756505,12743,27607,5339,3,3,0,1113,3,1,545.66,1,0,2,1,0,0,0,3,414437,355531,106053,89359,11711,23268,14910,57306
top,30159,2741,2931,6527,53087,785284,12715,28359,5379,3,3,0,1385,3,1,562.75,1,0,2,1,0,0,0,3,428703,369097,124133,90342,11626,25892,16933,54425
top,9001,1309,1410,10417,59979,232003,13015,25735,5403,0,0,0,0,0,0,0.00,0,0,2,1,0,0,0,4,58030,45491,46124,25763,0,0,0,0
top,1032,1358,1490,6443,55879,291705,17335,28519,5399,1,1,0,401,1,1,270.27,1,0,2,0,0,0,0,4,139841,134321,34781,22832,2996,3078,4526,27692
top,30683,1305,1440,6483,58515,249190,12823,54067,11607,1,1,0,429,1,1,188.43,1,0,2,0,0,0,0,4,113245,105065,38285,31098,278,3112,3005,25013
top,11329,2480,2643,6431,1859,751541,12774,31091,5363,2,2,0,1054,2,1,582.57,1,0,2,1,0,0,0,2,408131,354570,101975,77116,11254,25649,22956,60189
top,708,2659,2805,6531,53863,777526,12967,28031,5339,3,3,0,1173,3,1,545.74,1,0,2,1,0,0,0,3,422071,363948,116759,91485,11507,33298,14954,49141
top,32215,1907,2063,6423,1891,563846,12698,24347,5423,3,3,0,1045,3,2,391.87,1,0,2,1,0,0,0,3,289191,252344,84123,73949,8900,6475,11412,49046
top,11748,2680,2850,6427,53207,791525,13048,25427,5315,3,3,0,1263,3,2,606.83,1,0,2,1,0,0,0,3,428451,375672,132687,88869,7460,34941,17901,62655
top,17826,2532,2659,6535,53084,706518,12831,27495,5363,3,3,0,1367,3,1,475.04,1,0,2,1,0,0,0,3,375575,331794,104577,92721,11553,18649,9482,43562
top,8994,2441,2598,6591,53999,699598,13115,25927,5327,3,3,0,1817,3,1,497.75,1,0,2,1,0,0,0,3,371797,323312,114069,88147,11510,25206,20354,43859
top,40029,2608,2830,6431,54823,761690,12815,27963,5355,3,3,0,1083,3,1,562.90,1,0,2,1,0,0,0,3,405727,349595,111991,83666,11549,28605,12213,60017
top,24661,1308,1428,8380,59880,262882,12627,28075,5360,1,1,0,317,1,1,104.16,1,0,2,0,0,0,0,4,103691,98319,47167,46645,296,2464,289,19688
top,34364,2502,2635,6431,53131,715002,12711,30647,5411,3,3,0,1367,3,1,474.09,1,0,2,1,0,0,0,3,388487,338660,112781,99057,11594,26194,13796,49137
top,24840,2543,2621,10595,58943,733782,12747,24923,5455,3,3,0,1413,3,1,487.48,1,0,2,1,0,0,0,3,390887,334071,123993,83290,7387,20253,14932,43989
top,41376,2525,2717,6435,53763,726190,15623,26400,5291,3,3,0,1419,3,1,480.00,1,0,2,1,0,0,0,3,378303,326211,108367,85477,11552,23077,12188,43725
top,32680,1293,1393,6475,55871,230296,12710,25415,5371,1,1,0,465,1,0,20.44,0,1,2,1,0,0,0,4,80389,57811,42425,31125,4110,2548,0,0
top,34536,1325,1473,6463,56603,242654,12639,25055,5447,1,1,0,425,1,1,84.35,1,0,2,0,0,0,0,4,90057,79411,45891,33455,4358,2551,305,16557
top,33320,1353,1508,13547,53155,236866,12910,31435,5451,1,1,0,427,1,1,158.72,1,0,2,0,0,0,0,4,101475,80017,37003,16645,320,2545,3003,30951
top,23173,1301,1438,8811,69483,274566,12620,24547,5286,1,1,0,807,1,1,238.91,1,0,2,0,0,0,0,4,137135,114695,36407,16051,2974,2934,4126,29886
top,30632,1371,1499,7563,54819,249918,12635,25391,5383,1,1,0,421,1,1,152.27,1,0,2,0,0,0,0,4,124519,116415,35181,45399,308,2607,301,24761
top,20214,1314,1464,6538,56816,255658,13199,28103,5427,1,1,0,327,1,0,56.08,0,0,2,0,0,0,0,4,66557,58401,46065,19631,1466,3190,0,0
top,3752,1325,1458,6459,53083,236406,12731,25167,5398,1,1,0,321,1,1,156.43,1,0,2,0,0,0,0,4,104117,90815,34653,25741,318,2538,1426,22144
top,27060,2688,2881,6507,55827,759866,15627,24779,5371,3,3,0,1143,3,1,528.98,1,0,2,1,0,0,0,3,403539,343943,122321,88376,12147,27616,11102,51535
top,33950,2346,2502,6543,21907,690634,12919,24907,5323,3,3,0,1217,3,1,446.35,1,0,2,1,0,0,0,3,360671,316876,103997,88473,8995,19119,14987,38288
top,36554,2777,2911,6527,53895,828122,13035,30407,5423,3,3,0,1093,3,2,671.26,1,0,2,1,0,0,0,3,474821,414981,121723,98480,11594,32339,20922,85848
top,28284,2624,2770,6487,56387,765850,12999,24807,5343,3,3,0,2013,3,1,567.53,1,0,2,1,0,0,0,3,426721,373447,110083,91997,11531,21926,20398,60341
top,15406,1335,1469,6463,53931,298950,12651,25691,11095,1,1,0,415,1,1,178.82,1,0,2,0,0,0,0,4,151217,125965,49295,48597,298,2530,305,27681
top,1924,1320,1479,14715,66972,265478,12651,25540,5376,1,1,0,421,1,1,217.80,1,0,2,0,0,0,0,3,115377,106227,32937,14907,300,3332,4093,27428
top,32431,2424,2586,6663,56663,694338,13091,27507,5443,4,4,0,1414,4,1,456.26,1,0,2,1,0,0,0,4,361959,312607,107137,87784,11822,17206,12219,49088
top,25019,1358,1517,6431,58691,208107,15320,76995,9791,0,0,0,0,0,0,0.00,0,0,2,0,0,0,0,3,73537,55695,41356,41528,0,0,0,0
top,41377,1741,1921,9179,59591,403972,18187,30655,9795,0,0,0,0,0,0,0.00,0,0,2,1,0,0,0,3,5075,0,44769,0,0,0,0,0
top,7208,1384,1518,6463,57228,234954,12699,44631,5355,1,1,0,321,1,1,209.38,1,0,2,0,0,0,0,4,99025,88208,35713,6882,2878,2439,9684,19630
top,876,2389,2508,6479,22323,714526,13016,24791,5327,3,3,0,1211,3,1,527.72,1,0,2,1,0,0,0,3,382101,335819,98811,77719,11533,29300,16545,54416
top,9064,1302,1441,12675,68822,198400,13035,25807,13343,1,1,0,323,1,0,52.75,0,0,2,0,0,0,0,4,49865,36595,34413,12259,274,7268,0,0
top,8580,1316,1465,12118,83007,239055,15447,27567,5403,1,1,0,427,1,0,44.67,0,0,2,0,0,0,0,4,90627,77153,40715,39317,274,3202,0,0
top,6632,1377,1510,6431,55843,248578,20706,24610,10794,1,1,0,807,1,1,163.12,1,0,2,0,0,0,0,3,121173,107855,31526,35181,3952,2460,1403,27396
top,3480,2808,2968,6427,53883,828582,13143,30667,5399,3,3,0,1091,3,1,590.06,1,0,2,1,0,0,0,3,443823,381393,131795,87909,11540,38254,20353,54722
top,10520,2561,2717,6531,56103,744962,12955,28443,5415,3,3,0,1209,3,1,564.16,1,0,2,1,0,0,0,3,420061,364375,113295,96557,11685,28469,19527,54928
top,8304,1307,1382,6575,59567,263596,12647,49775,5267,1,1,0,473,1,0,31.06,0,0,2,1,0,0,0,4,87065,61875,36677,38614,360,4845,0,0
top,15895,2349,2506,6571,53959,668174,13060,27211,5403,3,3,0,1063,3,1,451.95,1,0,2,1,0,0,0,3,343471,298548,114657,72201,7317,23677,12269,35875
top,23143,2674,2830,6459,27235,790386,12679,26087,8131,3,3,0,2495,3,1,605.15,1,0,2,1,0,0,0,3,436355,382234,118577,87735,11550,33188,16881,65171
miss,1,1785,1939,25851,4871,436889,15071,30415,5423,1,1,0,453,1,1,361.09,1,0,2,1,0,0,0,3,219227,202619,54139,39117,8312,6751,9289,76889
miss,186,2647,2738,8403,24355,797066,12783,26043,8135,3,3,0,1285,3,1,581.79,1,0,2,1,0,0,0,3,429559,370211,114789,89389,9980,31069,14965,60047
miss,708,2659,2805,6531,53863,777526,12967,28031,5339,3,3,0,1173,3,1,545.74,1,0,2,1,0,0,0,3,422071,363948,116759,91485,11507,33298,14954,49141
miss,876,2389,2508,6479,22323,714526,13016,24791,5327,3,3,0,1211,3,1,527.72,1,0,2,1,0,0,0,3,382101,335819,98811,77719,11533,29300,16545,54416
miss,1194,2056,2225,11555,2055,595178,12947,27407,5375,3,3,0,2105,3,1,404.50,1,1,2,1,0,0,0,3,312343,279342,63055,76325,5044,25312,9550,33140
miss,1290,2530,2663,6479,55978,727773,12799,27640,5315,3,3,0,1431,3,1,543.05,1,0,2,1,0,0,0,3,391551,342379,107005,76862,11517,31850,17945,54523
miss,3480,2808,2968,6427,53883,828582,13143,30667,5399,3,3,0,1091,3,1,590.06,1,0,2,1,0,0,0,3,443823,381393,131795,87909,11540,38254,20353,54722
miss,6607,2676,2829,6523,21879,830182,12739,24503,5331,3,3,0,2495,3,2,640.59,1,0,2,1,0,0,0,3,465217,405656,121327,87778,11575,36981,20606,72845
miss,6955,2647,2807,6419,53875,773298,12867,25616,5319,3,3,0,1083,3,1,547.35,1,0,2,1,0,0,0,3,420091,360232,119847,95063,11549,28419,14910,57215
miss,8012,2657,2819,6463,53887,782678,12703,24583,5375,3,3,0,1113,3,1,584.29,1,0,2,1,0,0,0,3,422927,367384,122771,87535,9958,30921,17589,62812
miss,8301,2624,2801,6483,53623,761582,12719,25050,5335,3,3,0,1419,3,1,540.35,1,0,2,1,0,0,0,3,400695,348821,137463,83247,11542,28940,14914,54335
miss,8994,2441,2598,6591,53999,699598,13115,25927,5327,3,3,0,1817,3,1,497.75,1,0,2,1,0,0,0,3,371797,323312,114069,88147,11510,25206,20354,43859
miss,9704,2737,2885,6431,56951,759142,12799,27328,5375,3,3,0,1021,3,1,562.87,1,0,2,1,0,0,0,3,423971,361613,110063,87459,9980,28767,14949,59765
miss,9984,2505,2677,6499,53175,719566,12683,27855,5443,3,3,0,1389,3,1,528.36,1,0,2,1,0,0,0,3,388095,340610,111383,84663,11505,25854,12177,54326
miss,10520,2561,2717,6531,56103,744962,12955,28443,5415,3,3,0,1209,3,1,564.16,1,0,2,1,0,0,0,3,420061,364375,113295,96557,11685,28469,19527,54928
miss,10810,2499,2643,9282,55995,718110,12679,25028,5431,3,3,0,1071,3,1,482.34,1,0,2,1,0,0,0,3,361185,308347,114829,78905,11491,26659,12213,43724
miss,11329,2480,2643,6431,1859,751541,12774,31091,5363,2,2,0,1054,2,1,582.57,1,0,2,1,0,0,0,2,408131,354570,101975,77116,11254,25649,22956,60189
miss,11748,2680,2850,6427,53207,791525,13048,25427,5315,3,3,0,1263,3,2,606.83,1,0,2,1,0,0,0,3,428451,375672,132687,88869,7460,34941,17901,62655
miss,12450,2587,2707,6475,56711,756246,12651,24759,5351,3,3,0,1155,3,1,576.45,1,0,2,1,0,0,0,3,405629,348461,114005,70981,11550,30561,20390,57519
miss,13621,2748,2918,6423,53199,810894,12684,33555,5387,3,3,0,1385,3,1,582.66,1,0,2,1,0,0,0,3,443077,380820,124627,98697,11529,30965,14957,62138
miss,15061,2600,2772,6475,1858,811466,12715,25111,5467,2,2,0,1066,2,1,590.15,1,0,2,1,0,0,0,2,453489,396395,109159,87584,11265,31223,14166,59682
miss,15679,2176,2360,6431,1903,625905,12819,51235,5359,3,3,0,1067,3,2,459.40,1,1,2,1,0,0,0,3,338731,298910,83919,79973,11597,13588,14176,48771
miss,15820,2328,2498,6583,1839,695714,12911,37867,5395,2,2,0,1514,2,1,472.24,1,0,2,1,0,0,0,2,369221,317114,109161,80352,11241,20740,17692,36029
miss,15895,2349,2506,6571,53959,668174,13060,27211,5403,3,3,0,1063,3,1,451.95,1,0,2,1,0,0,0,3,343471,298548,114657,72201,7317,23677,12269,35875
miss,16724,2519,2650,6551,21827,762458,12695,27143,10811,3,3,0,1285,3,1,519.60,1,0,2,1,0,0,0,3,409775,365222,127317,100285,11548,28202,17613,46407
miss,17245,2611,2760,6467,56519,755190,15916,27563,5399,3,3,0,1173,3,1,533.33,1,0,2,1,0,0,0,3,413773,356297,116773,96241,11602,26003,17644,52013
miss,17414,2372,2544,6467,22615,708516,12919,24723,5407,3,3,0,1211,3,1,557.15,1,0,2,1,0,0,0,3,386663,340806,102773,80367,8987,23887,13763,57266
miss,17731,1614,1747,6419,1919,444914,12655,25032,8099,3,3,0,1131,3,1,279.90,1,0,2,1,0,0,0,3,224365,199738,78833,55259,6172,9188,9495,27699
miss,17826,2532,2659,6535,53084,706518,12831,27495,5363,3,3,0,1367,3,1,475.04,1,0,2,1,0,0,0,3,375575,331794,104577,92721,11553,18649,9482,43562
miss,20016,2781,2915,6467,53827,825222,13039,24478,8059,3,3,0,1093,3,2,642.81,1,0,2,1,0,0,0,3,461707,399158,127529,90731,11576,34721,21092,73252
miss,23143,2674,2830,6459,27235,790386,12679,26087,8131,3,3,0,2495,3,1,605.15,1,0,2,1,0,0,0,3,436355,382234,118577,87735,11550,33188,16881,65171
miss,23491,2695,2857,6411,59311,772710,12775,27951,5443,3,3,0,1077,3,1,498.19,1,0,2,1,0,0,0,3,399129,339447,122639,86271,11542,31352,6769,43400
miss,24549,2635,2806,6463,56023,756505,12743,27607,5339,3,3,0,1113,3,1,545.66,1,0,2,1,0,0,0,3,414437,355531,106053,89359,11711,23268,14910,57306
miss,24840,2543,2621,10595,58943,733782,12747,24923,5455,3,3,0,1413,3,1,487.48,1,0,2,1,0,0,0,3,390887,334071,123993,83290,7387,20253,14932,43989
miss,25531,2520,2681,6459,53971,717970,13227,28700,5291,3,3,0,1819,3,2,533.31,1,0,2,1,0,0,0,3,403523,354253,102819,93389,11537,24845,17949,62788
miss,26240,2711,2891,6511,53987,786614,12807,28131,5331,3,3,0,1025,3,1,569.75,1,0,2,1,0,0,0,3,441591,370701,114779,90355,14359,28460,20389,57196
miss,26521,2551,2678,6463,53127,738394,12803,27928,5447,3,3,0,1389,3,2,560.35,1,0,2,1,0,0,0,3,421045,368322,106391,93433,11545,29996,12510,64832
miss,27060,2688,2881,6507,55827,759866,15627,24779,5371,3,3,0,1143,3,1,528.98,1,0,2,1,0,0,0,3,403539,343943,122321,88376,12147,27616,11102,51535
miss,27348,2594,2743,6499,53127,715761,12768,30587,5363,3,3,0,1071,3,1,475.23,1,0,2,1,0,0,0,3,369787,319619,102971,84881,7783,25419,14942,48941
miss,27865,2327,2462,6435,1915,716218,12671,30075,5383,3,3,0,1623,3,1,485.92,1,0,2,1,0,0,0,3,379583,334517,115607,88439,11546,22537,8404,51716
miss,28284,2624,2770,6487,56387,765850,12999,24807,5343,3,3,0,2013,3,1,567.53,1,0,2,1,0,0,0,3,426721,373447,110083,91997,11531,21926,20398,60341
miss,28986,2601,2811,17654,53899,750533,12598,24580,5351,3,3,0,1073,3,1,524.33,1,0,2,1,0,0,0,3,404375,349976,117471,92895,11578,23060,17580,48826
miss,30159,2741,2931,6527,53087,785284,12715,28359,5379,3,3,0,1385,3,1,562.75,1,0,2,1,0,0,0,3,428703,369097,124133,90342,11626,25892,16933,54425
miss,31597,2507,2676,6452,1882,783542,12807,24935,5291,3,3,0,1629,3,1,583.29,1,0,2,1,0,0,0,3,430127,373592,116303,87748,11556,30535,17668,59771
miss,32215,1907,2063,6423,1891,563846,12698,24347,5423,3,3,0,1045,3,2,391.87,1,0,2,1,0,0,0,3,289191,252344,84123,73949,8900,6475,11412,49046
miss,32358,2371,2492,6472,1910,725909,12655,28426,5462,3,3,0,2271,3,1,539.21,1,0,2,1,0,0,0,2,398663,348935,102447,88811,9139,24456,17667,48828
miss,32431,2424,2586,6663,56663,694338,13091,27507,5443,4,4,0,1414,4,1,456.26,1,0,2,1,0,0,0,4,361959,312607,107137,87784,11822,17206,12219,49088
miss,33261,2517,2666,6439,21827,758046,12627,25091,5399,3,3,0,1285,3,1,507.92,1,0,2,1,0,0,0,3,411515,359769,125786,95201,14372,21644,14912,54393
miss,33781,2448,2590,6495,53883,707606,12972,23943,5347,3,3,0,1179,3,1,478.76,1,0,2,1,0,0,0,3,387213,331514,105869,85885,11537,14704,13847,54350
miss,33950,2346,2502,6543,21907,690634,12919,24907,5323,3,3,0,1217,3,1,446.35,1,0,2,1,0,0,0,3,360671,316876,103997,88473,8995,19119,14987,38288
miss,34269,1890,2052,6463,1915,547034,12871,31871,5339,3,3,0,2105,3,2,388.20,1,1,2,1,0,0,0,3,278393,241802,86477,52652,7723,18801,8688,43560
miss,34364,2502,2635,6431,53131,715002,12711,30647,5411,3,3,0,1367,3,1,474.09,1,0,2,1,0,0,0,3,388487,338660,112781,99057,11594,26194,13796,49137
miss,36554,2777,2911,6527,53895,828122,13035,30407,5423,3,3,0,1093,3,2,671.26,1,0,2,1,0,0,0,3,474821,414981,121723,98480,11594,32339,20922,85848
miss,39681,2762,2923,6439,21831,849058,12651,27323,8111,3,3,0,2495,3,1,597.95,1,0,2,1,0,0,0,3,451087,393975,119727,96012,11544,33387,20253,59771
miss,40029,2608,2830,6431,54823,761690,12815,27963,5355,3,3,0,1083,3,1,562.90,1,0,2,1,0,0,0,3,405727,349595,111991,83666,11549,28605,12213,60017
miss,41088,2617,2740,6516,56690,749469,12807,24799,5447,3,3,0,1113,3,1,516.46,1,0,2,1,0,0,0,3,397077,348037,119409,95046,10677,27897,14939,43869
miss,41376,2525,2717,6435,53763,726190,15623,26400,5291,3,3,0,1419,3,1,480.00,1,0,2,1,0,0,0,3,378303,326211,108367,85477,11552,23077,12188,43725
miss,41377,1741,1921,9179,59591,403972,18187,30655,9795,0,0,0,0,0,0,0.00,0,0,2,1,0,0,0,3,5075,0,44769,0,0,0,0,0
