set,block,dsp_us,cycle_us,input_cycles,comp_cycles,harmony_cycles,delay_cycles,reverb_cycles,master_cycles,new_grains,active_grains,source_grains,grain_samples,model_lookups,model_expensive,model_warp_us,formant_changed,pitch_changed,track_state,fallback,recovery,fir_computed,fir_reused,deferred_slices
top,74949,2693,2819,6431,53832,791358,12763,30015,5383,3,3,0,1381,3,1,587.45,1,0,2,1,0,0,0,3
top,188858,2611,2749,6448,54728,763542,15515,26849,5339,3,3,0,1019,3,1,535.16,1,0,2,1,0,0,0,3
top,159899,2596,2739,6511,54551,736714,12871,37384,5395,3,3,0,953,3,2,545.86,1,0,2,1,0,0,0,3
top,101327,2607,2738,16379,55187,745990,13063,28831,8027,3,3,0,1263,3,2,564.61,1,0,2,1,0,0,0,3
top,12449,2634,2745,6443,57855,756738,12706,32179,5295,3,3,0,1155,3,1,497.46,1,0,2,1,0,0,0,3
top,20015,2791,2924,6539,57568,824598,13119,32408,5334,3,3,0,1093,3,2,669.42,1,0,2,1,0,0,0,3
top,97879,2657,2761,6394,54669,762362,12791,29577,5403,3,3,0,1443,3,1,566.69,1,0,2,1,0,0,0,3
top,202299,2735,2867,6483,22775,838946,14591,32317,5271,3,3,0,2491,3,1,605.07,1,0,2,1,0,0,0,3
top,205397,2675,2802,6479,59855,760738,12655,40331,5331,3,3,0,1015,3,1,550.20,1,0,2,1,0,0,0,3
top,13620,2699,2833,6503,54837,790542,12667,37781,5407,3,3,0,1385,3,1,587.08,1,0,2,1,0,0,0,3
top,167630,2608,2733,6403,53803,759178,13114,33447,5359,3,3,0,1195,3,1,497.77,1,0,2,1,0,0,0,3
top,41087,2617,2759,10887,57724,745366,12671,34833,5419,3,3,0,1113,3,1,535.23,1,0,2,1,0,0,0,3
top,187169,2725,2814,10571,70811,744637,15919,37967,5379,3,3,0,1113,3,1,534.73,1,0,2,1,0,0,0,3
top,39680,2721,2845,6403,27719,809258,23255,40097,5379,3,3,0,2495,3,1,620.65,1,0,2,1,0,0,0,3
top,84470,2663,2781,6467,25217,807154,12771,32037,5343,3,3,0,2487,3,1,582.09,1,0,2,1,0,0,0,3
top,113069,2650,2757,6483,54479,771374,13163,38843,5287,3,3,0,1081,3,1,531.18,1,0,2,1,0,0,0,3
top,96529,2627,2751,6459,54879,752206,12702,29827,5291,3,3,0,1079,3,1,552.23,1,0,2,1,0,0,0,3
top,97589,2716,2849,6439,60195,785014,12935,33008,5283,3,3,0,1113,3,1,574.86,1,0,2,1,0,0,0,3
top,187458,2618,2731,6479,60017,746514,12962,35567,5219,3,3,0,1419,3,1,581.54,1,0,2,1,0,0,0,3
top,126128,2824,2950,6527,54299,809270,13152,46983,7127,3,3,0,1089,3,1,610.24,1,0,2,1,0,0,0,3
top,84815,2604,2707,6499,57711,750906,13284,34731,5399,3,3,0,1073,3,1,553.46,1,0,2,1,0,0,0,3
top,129257,2757,2882,6475,25339,841786,15483,28177,5411,3,3,0,2445,3,1,634.56,1,0,2,1,0,0,0,3
top,93053,2788,2922,6495,54471,816425,13284,37339,5379,3,3,0,1089,3,2,625.35,1,0,2,1,0,0,0,3
top,144073,2632,2757,6387,57047,771778,13100,26987,5359,3,3,0,1097,3,1,569.81,1,0,2,1,0,0,0,3
top,195879,2788,2903,6411,22581,790962,12891,30956,5511,3,3,0,1279,3,1,516.50,1,0,2,1,0,0,0,3
top,24839,2624,2698,8155,68607,732214,12959,35709,5335,3,3,0,1413,3,1,500.97,1,0,2,1,0,0,0,3
top,40028,2600,2718,6459,59525,743430,12891,29887,5303,3,3,0,1083,3,1,552.29,1,0,2,1,0,0,0,3
top,96180,2614,2738,6451,25075,790946,12783,28679,5419,2,2,0,1670,2,1,559.93,1,0,2,1,0,0,0,2
top,206214,2721,2818,8839,58401,779346,12951,44421,5411,3,3,0,1227,3,1,566.95,1,0,2,1,0,0,0,3
top,11747,2661,2778,6403,53739,782026,13367,24447,5375,3,3,0,1263,3,2,615.48,1,0,2,1,0,0,0,3
top,56537,2629,2748,6499,53885,765430,12647,33185,5303,3,3,0,1261,3,2,588.60,1,0,2,1,0,0,0,3
top,130663,2834,2938,6506,60413,772054,15683,38937,5403,3,3,0,1113,3,1,534.83,1,0,2,1,0,0,0,3
top,175740,2627,2756,6399,56607,759426,13123,33011,5339,3,3,0,1425,3,1,536.78,1,0,2,1,0,0,0,3
top,41375,2763,2878,10043,76131,778606,12699,30470,5311,3,3,0,1413,3,1,546.70,1,0,2,1,0,0,0,3
top,206503,2685,2788,6611,59157,714134,12750,30031,5415,3,3,0,1077,3,1,501.37,1,0,2,1,0,0,0,3
top,6606,2661,2775,6527,28337,813510,12755,29583,5371,3,3,0,2495,3,2,668.65,1,0,2,1,0,0,0,3
top,3479,2771,2901,6463,57155,807589,13159,38315,5443,3,3,0,1091,3,1,604.90,1,0,2,1,0,0,0,3
top,26239,2717,2836,6483,57457,784110,15715,37163,5255,3,3,0,1025,3,1,550.76,1,0,2,1,0,0,0,3
top,99283,2607,2741,6399,54533,766950,12747,33217,5315,3,3,0,1003,3,1,538.72,1,0,2,1,0,0,0,3
top,190902,2620,2720,6539,56963,744286,13284,38719,5339,3,3,0,1263,3,2,556.67,1,0,2,1,0,0,0,3
top,51395,2739,2857,6543,23015,819670,12803,32221,5339,3,3,0,2487,3,2,667.74,1,0,2,1,0,0,0,3
top,73074,2638,2764,6479,58840,767210,12867,24059,5243,3,3,0,1261,3,2,607.83,1,0,2,1,0,0,0,3
top,175453,2691,2802,6491,59775,779069,12759,32883,5311,3,3,0,1113,3,1,580.05,1,0,2,1,0,0,0,3
top,86165,2647,2729,13347,66405,747922,13227,35249,5387,3,3,0,1419,3,1,536.55,1,0,2,1,0,0,0,3
top,182633,2839,2933,6555,56127,811518,13492,38343,5371,3,3,0,1089,3,2,624.45,1,0,2,1,0,0,0,3
top,140971,2681,2795,6387,22167,831530,12731,25041,5367,3,3,0,2505,3,1,627.46,1,0,2,1,0,0,0,3
top,23142,2731,2842,8867,22355,816014,12831,26765,5439,3,3,0,2439,3,1,606.00,1,0,2,1,0,0,0,3
top,102023,2605,2751,6479,57622,745078,12695,30647,5403,3,3,0,1123,3,1,559.51,1,0,2,1,0,0,0,3
top,123361,2601,2748,6447,57397,757686,13075,28835,5327,3,3,0,1247,3,1,541.41,1,0,2,1,0,0,0,3
top,119735,2615,2741,6359,53851,773642,12779,30789,5335,3,3,0,1339,3,1,567.35,1,0,2,1,0,0,0,3
top,67933,2682,2794,6415,23109,829010,12915,27204,5403,3,3,0,2487,3,1,642.89,1,0,2,1,0,0,0,3
top,117863,2792,2934,9079,53905,743886,13072,30533,5399,3,3,0,2013,3,1,539.98,1,0,2,1,0,0,0,3
top,157509,2777,2859,6355,22339,814612,12762,42943,7702,3,3,0,2505,3,1,574.59,1,0,2,1,0,0,0,3
top,78570,2592,2710,6511,57267,747778,12715,27821,5399,3,3,0,1283,3,1,518.27,1,0,2,1,0,0,0,3
top,57239,2607,2749,6403,54663,755366,13367,35443,5243,3,3,0,1095,3,1,553.66,1,0,2,1,0,0,0,3
top,90870,2672,2777,6807,57289,746398,12939,38265,5399,3,3,0,1421,3,1,545.28,1,0,2,1,0,0,0,3
top,174047,2625,2730,6428,22578,797222,12859,30473,5375,3,3,0,2505,3,1,566.44,1,0,2,1,0,0,0,3
top,192779,2697,2778,6503,53693,781837,12699,46505,5283,3,3,0,1377,3,1,534.12,1,0,2,1,0,0,0,3
top,100099,2638,2802,6451,53983,766442,13080,35295,5375,3,3,0,1207,3,1,509.57,1,0,2,1,0,0,0,3
top,157859,2668,2804,13366,67505,732278,13342,51751,5319,3,3,0,1065,3,1,463.08,1,0,2,1,0,0,0,3
top,106823,2605,2769,6523,54959,733258,13095,32457,5351,3,3,0,1247,3,1,535.91,1,0,2,1,0,0,0,3
top,51740,2710,2857,6439,54520,794606,15827,29579,5291,3,3,0,1073,3,1,537.19,1,0,2,1,0,0,0,3
top,109590,2802,2905,6463,54663,832370,13103,32371,5359,3,3,0,1869,3,2,654.32,1,0,2,1,0,0,0,3
top,185761,2677,2759,6431,35947,801714,12691,31789,5363,3,3,0,2491,3,1,624.46,1,0,2,1,0,0,0,3
top,9703,2789,2908,6463,57141,776614,12723,23831,5375,3,3,0,1021,3,1,570.78,1,0,2,1,0,0,0,3
top,146814,2644,2754,6403,57283,749002,13303,49695,5315,3,3,0,1065,3,1,515.39,1,0,2,1,0,0,0,3
top,68279,2664,2759,6419,65483,764910,13103,33531,5351,3,3,0,1065,3,1,561.36,1,0,2,1,0,0,0,3
top,147989,2749,2951,6435,57252,783186,12727,39239,5331,3,3,0,1365,3,1,537.69,1,0,2,1,0,0,0,3
top,48269,2840,2952,7807,63995,829805,12760,27195,5323,3,3,0,1089,3,1,591.33,1,0,2,1,0,0,0,3
top,71029,2676,2798,6423,54423,777054,13195,34443,5347,3,3,0,1051,3,1,590.32,1,0,2,1,0,0,0,3
top,170919,2932,3035,6567,59939,827214,12715,29791,5407,3,3,0,1089,3,1,586.15,1,0,2,1,0,0,0,3
top,144887,2594,2717,9127,56641,744230,12779,35279,5383,3,3,0,1133,3,1,527.19,1,0,2,1,0,0,0,3
top,45497,2622,2753,6503,54753,743778,15711,34773,5335,3,3,0,1283,3,1,491.96,1,0,2,1,0,0,0,3
top,106302,2628,2742,16591,37099,732410,16055,37256,5295,3,3,0,1293,3,1,512.99,1,0,2,1,0,0,0,3
top,69629,2696,2785,6459,59904,771050,13144,38247,5319,3,3,0,1419,3,1,536.24,1,0,2,1,0,0,0,3
top,58410,2633,2744,6518,53399,772850,12655,30020,5295,3,3,0,1373,3,1,557.92,1,0,2,1,0,0,0,3
top,142379,2644,2762,6395,54433,764658,12739,38425,5387,3,3,0,1113,3,1,553.59,1,0,2,1,0,0,0,3
top,10519,2615,2733,6478,56725,748874,12947,30034,5266,3,3,0,1209,3,1,543.99,1,0,2,1,0,0,0,3
top,196399,2630,2730,6423,58863,741638,13127,40943,5427,3,3,0,1147,3,1,509.78,1,0,2,1,0,0,0,3
top,30158,2819,2959,9155,72659,778798,14319,40311,5307,3,3,0,1385,3,1,571.95,1,0,2,1,0,0,0,3
top,142667,2716,2812,6423,62433,770118,13304,41389,5399,3,3,0,1423,3,1,556.05,1,0,2,1,0,0,0,3
top,146100,2622,2754,6507,53888,765690,12810,30210,5306,3,3,0,1211,3,1,534.66,1,0,2,1,0,0,0,3
top,141319,2616,2750,6411,59867,752666,13059,37923,5359,3,3,0,1073,3,1,548.41,1,0,2,1,0,0,0,3
top,168733,2609,2741,6399,56647,729235,12758,51531,5423,3,3,0,1391,3,1,472.43,1,0,2,1,0,0,0,3
top,199170,2775,2894,11635,62108,796566,13239,34651,5335,3,3,0,1869,3,2,648.27,1,0,2,1,0,0,0,3
top,118560,2628,2753,8575,61507,747938,12747,38519,5487,3,3,0,1083,3,1,483.87,1,0,2,1,0,0,0,3
top,89766,2653,2751,6483,56507,771874,12707,26907,5507,3,3,0,1251,3,1,543.35,1,0,2,1,0,0,0,3
top,81342,2717,2809,8011,54575,778546,12778,24375,5283,3,3,0,1089,3,1,578.01,1,0,2,1,0,0,0,3
top,160609,2712,2837,8247,60139,784169,13240,37792,5315,3,3,0,1017,3,1,559.42,1,0,2,1,0,0,0,3
top,53089,2660,2786,12291,58639,755666,13135,30642,5371,3,3,0,1421,3,1,529.88,1,0,2,1,0,0,0,3
top,112719,2714,2833,6439,22343,838994,12826,26641,5463,3,3,0,2511,3,1,644.98,1,0,2,1,0,0,0,3
top,137844,2711,2845,6483,57201,802562,12679,27213,5399,3,3,0,1089,3,2,631.18,1,0,2,1,0,0,0,3
top,36553,2776,2897,6479,54427,825773,13287,29351,5363,3,3,0,1093,3,2,653.32,1,0,2,1,0,0,0,3
top,154381,2743,2854,6495,54455,800582,12674,32867,5411,3,3,0,1089,3,1,592.14,1,0,2,1,0,0,0,3
top,168167,2812,2938,6423,54373,774678,12947,31765,5379,3,3,0,1209,3,2,564.12,1,0,2,1,0,0,0,3
top,54492,2714,2827,15687,60627,749094,13102,35255,7979,3,3,0,933,3,1,536.19,1,0,2,1,0,0,0,3
top,64805,2712,2836,6439,54379,794582,12739,35664,5383,3,3,0,1087,3,2,629.89,1,0,2,1,0,0,0,3
top,6953,2682,2774,6507,54436,773066,12751,33135,5279,3,3,0,1083,3,1,556.81,1,0,2,1,0,0,0,3
top,24548,2597,2725,6887,56928,737378,12723,42876,5283,3,3,0,1113,3,1,552.23,1,0,2,1,0,0,0,3
top,115820,2710,2821,6543,54387,810234,12691,25201,5299,3,3,0,1001,3,1,547.33,1,0,2,1,0,0,0,3
miss,1972,1961,2125,11571,8065,480944,14267,50773,5363,1,1,0,453,1,1,201.78,1,0,2,1,0,0,0,3
miss,185,2481,2610,6447,23476,734082,15699,33292,5331,3,3,0,1285,3,1,546.69,1,0,2,1,0,0,0,3
miss,707,2546,2657,6459,54513,743113,13215,26883,5283,3,3,0,1173,3,1,530.16,1,0,2,1,0,0,0,3
miss,875,2297,2420,6451,23335,674666,12959,30205,5363,3,3,0,1211,3,1,518.79,1,0,2,1,0,0,0,3
miss,1194,2001,2119,6451,4587,582482,12715,30145,5343,3,3,0,1967,3,2,517.32,1,0,2,1,0,0,0,3
miss,1289,2570,2708,6395,59248,718254,12807,46811,5355,3,3,0,1431,3,1,527.57,1,0,2,1,0,0,0,3
miss,3479,2771,2901,6463,57155,807589,13159,38315,5443,3,3,0,1091,3,1,604.90,1,0,2,1,0,0,0,3
miss,3623,1486,1617,6458,60357,237255,13091,30933,5431,1,1,0,319,1,0,41.19,0,1,2,1,0,0,0,4
miss,6606,2661,2775,6527,28337,813510,12755,29583,5371,3,3,0,2495,3,2,668.65,1,0,2,1,0,0,0,3
miss,6953,2682,2774,6507,54436,773066,12751,33135,5279,3,3,0,1083,3,1,556.81,1,0,2,1,0,0,0,3
miss,7639,1477,1597,6527,57206,319566,13579,37959,5351,1,1,0,403,1,1,155.18,1,0,2,0,0,0,0,3
miss,8011,2590,2712,6459,54463,763621,12847,24411,5339,3,3,0,1113,3,1,556.81,1,0,2,1,0,0,0,3
miss,8300,2482,2607,6471,54188,718114,12703,26463,8191,3,3,0,1419,3,1,479.53,1,0,2,1,0,0,0,3
miss,8994,2481,2592,9247,54375,704554,13255,30539,5247,3,3,0,953,3,2,506.71,1,0,2,1,0,0,0,3
miss,9703,2789,2908,6463,57141,776614,12723,23831,5375,3,3,0,1021,3,1,570.78,1,0,2,1,0,0,0,3
miss,9983,2514,2638,6455,53635,714326,12775,35979,8007,3,3,0,1389,3,1,525.09,1,0,2,1,0,0,0,3
miss,10519,2615,2733,6478,56725,748874,12947,30034,5266,3,3,0,1209,3,1,543.99,1,0,2,1,0,0,0,3
miss,10809,2526,2643,6567,53716,720930,12791,37351,5447,3,3,0,1071,3,1,473.89,1,0,2,1,0,0,0,3
miss,11328,2471,2590,6547,1895,748000,14739,32981,7767,2,2,0,1054,2,1,557.53,1,0,2,1,0,0,0,2
miss,11747,2661,2778,6403,53739,782026,13367,24447,5375,3,3,0,1263,3,2,615.48,1,0,2,1,0,0,0,3
miss,12449,2634,2745,6443,57855,756738,12706,32179,5295,3,3,0,1155,3,1,497.46,1,0,2,1,0,0,0,3
miss,13620,2699,2833,6503,54837,790542,12667,37781,5407,3,3,0,1385,3,1,587.08,1,0,2,1,0,0,0,3
miss,15060,2565,2673,8383,1883,802566,12627,27965,5466,2,2,0,1066,2,1,559.86,1,0,2,1,0,0,0,2
miss,15678,2094,2221,9199,1919,590330,25051,51127,5363,3,3,0,1067,3,2,446.27,1,1,2,1,0,0,0,3
miss,15819,2333,2431,6547,1879,702358,12771,39771,5399,2,2,0,1514,2,1,501.69,1,0,2,1,0,0,0,2
miss,15894,2472,2591,6439,54527,705330,13348,35915,5315,3,3,0,1063,3,1,467.07,1,0,2,1,0,0,0,3
miss,16723,2509,2613,6375,22447,748110,12820,37459,5395,3,3,0,1285,3,1,509.53,1,0,2,1,0,0,0,3
miss,17244,2556,2675,6567,54668,734470,13079,40730,5803,3,3,0,1173,3,1,506.32,1,0,2,1,0,0,0,3
miss,17413,2404,2499,6407,28731,711494,15903,29529,5375,3,3,0,1211,3,1,473.42,1,0,2,1,0,0,0,3
miss,17731,1721,1847,6415,1903,494597,12747,27797,5419,3,3,0,1967,3,2,338.86,1,0,2,1,0,0,0,3
miss,17825,2336,2441,16583,55027,638326,12695,34944,5379,3,3,0,1367,3,1,450.96,1,0,2,1,0,0,0,3
miss,20015,2791,2924,6539,57568,824598,13119,32408,5334,3,3,0,1093,3,2,669.42,1,0,2,1,0,0,0,3
miss,23142,2731,2842,8867,22355,816014,12831,26765,5439,3,3,0,2439,3,1,606.00,1,0,2,1,0,0,0,3
miss,23491,2573,2693,6351,54787,755081,12771,27631,5359,3,3,0,1083,3,1,517.03,1,0,2,1,0,0,0,3
miss,24548,2597,2725,6887,56928,737378,12723,42876,5283,3,3,0,1113,3,1,552.23,1,0,2,1,0,0,0,3
miss,24839,2624,2698,8155,68607,732214,12959,35709,5335,3,3,0,1413,3,1,500.97,1,0,2,1,0,0,0,3
miss,25530,2543,2656,11867,54679,707890,13083,43767,5267,3,3,0,1819,3,2,508.07,1,0,2,1,0,0,0,3
miss,26239,2717,2836,6483,57457,784110,15715,37163,5255,3,3,0,1025,3,1,550.76,1,0,2,1,0,0,0,3
miss,26520,2467,2599,6443,53417,708342,12647,23957,5335,3,3,0,1389,3,2,499.54,1,0,2,1,0,0,0,3
miss,27059,2520,2668,6530,54261,710762,12875,34997,5315,3,3,0,1143,3,1,511.48,1,0,2,1,0,0,0,3
miss,27347,2448,2558,8211,61517,690726,12727,35769,5387,3,3,0,1071,3,1,449.61,1,0,2,1,0,0,0,3
miss,27864,2356,2474,6495,1919,726406,12659,27823,5339,3,3,0,1623,3,1,507.01,1,0,2,1,0,0,0,3
miss,28283,2580,2680,6467,59744,743822,13178,33023,8023,3,3,0,2013,3,1,507.40,1,0,2,1,0,0,0,3
miss,28985,2550,2658,6399,54809,723486,12583,36945,5339,3,3,0,1073,3,1,516.60,1,0,2,1,0,0,0,3
miss,30158,2819,2959,9155,72659,778798,14319,40311,5307,3,3,0,1385,3,1,571.95,1,0,2,1,0,0,0,3
miss,31596,2448,2557,6431,1919,766906,12839,24205,5303,3,3,0,1629,3,1,540.31,1,0,2,1,0,0,0,3
miss,32214,1766,1872,6423,1887,510706,12755,27691,5347,3,3,0,1045,3,2,331.06,1,0,2,1,0,0,0,3
miss,32357,2353,2447,6407,1899,716686,13051,26989,5447,3,3,0,2271,3,1,510.55,1,0,2,1,0,0,0,2
miss,32430,2555,2659,6463,58535,734862,13079,33187,5319,4,4,0,1414,4,1,478.77,1,0,2,1,0,0,0,4
miss,33260,2566,2673,6423,22561,775458,12747,30373,5390,3,3,0,1285,3,1,539.58,1,0,2,1,0,0,0,3
miss,33780,2430,2554,6503,54421,703554,13244,27265,5347,3,3,0,1179,3,1,464.44,1,0,2,1,0,0,0,3
miss,33949,2362,2459,8607,22937,666649,13136,46413,5375,3,3,0,1217,3,1,428.67,1,0,2,1,0,0,0,3
miss,34268,1844,1989,6419,1899,530578,12762,33756,5319,3,3,0,2105,3,2,440.72,1,1,2,1,0,0,0,3
miss,34363,2459,2585,6479,54003,695914,12839,33615,5351,3,3,0,1367,3,1,436.86,1,0,2,1,0,0,0,3
miss,36553,2776,2897,6479,54427,825773,13287,29351,5363,3,3,0,1093,3,2,653.32,1,0,2,1,0,0,0,3
miss,39680,2721,2845,6403,27719,809258,23255,40097,5379,3,3,0,2495,3,1,620.65,1,0,2,1,0,0,0,3
miss,40028,2600,2718,6459,59525,743430,12891,29887,5303,3,3,0,1083,3,1,552.29,1,0,2,1,0,0,0,3
miss,40103,1457,1606,20367,56518,218357,12695,34936,5475,1,1,0,357,1,1,80.35,1,0,2,0,0,0,0,4
miss,41087,2617,2759,10887,57724,745366,12671,34833,5419,3,3,0,1113,3,1,535.23,1,0,2,1,0,0,0,3
miss,41375,2763,2878,10043,76131,778606,12699,30470,5311,3,3,0,1413,3,1,546.70,1,0,2,1,0,0,0,3
miss,41383,1507,1605,6479,57803,248777,14407,33393,5379,1,1,0,485,1,0,88.82,0,0,2,1,0,0,0,4
miss,42069,2340,2452,6471,54631,636382,22623,41397,5267,3,3,0,953,3,1,419.05,1,0,2,1,0,0,0,3
miss,43310,2584,2702,6479,1891,809702,12738,30068,5399,3,3,0,1629,3,1,567.31,1,0,2,1,0,0,0,3
miss,43928,1727,1826,6463,1883,477690,12903,38537,5343,3,3,0,1059,3,1,263.39,1,0,2,1,0,0,0,3
miss,44071,2557,2667,6411,1898,732037,13079,27495,5435,3,3,0,2265,3,1,551.24,1,1,2,1,0,0,0,2
miss,44147,2518,2615,6495,57356,687462,12783,37174,5355,3,3,0,1053,3,1,435.28,1,0,2,1,0,0,0,3
miss,44975,2447,2553,6471,22883,734094,12915,29733,5287,3,3,0,1273,3,1,562.48,1,0,2,1,0,0,0,3
miss,45497,2622,2753,6503,54753,743778,15711,34773,5335,3,3,0,1283,3,1,491.96,1,0,2,1,0,0,0,3
miss,45666,2244,2356,6403,23207,662390,12735,29705,5751,3,3,0,1201,3,1,459.20,1,0,2,1,0,0,0,3
miss,46079,2580,2712,6464,56138,723838,12623,48199,5343,3,3,0,1367,3,1,494.79,1,0,2,1,0,0,0,3
miss,48269,2840,2952,7807,63995,829805,12760,27195,5323,3,3,0,1089,3,1,591.33,1,0,2,1,0,0,0,3
miss,51395,2739,2857,6543,23015,819670,12803,32221,5339,3,3,0,2487,3,2,667.74,1,0,2,1,0,0,0,3
miss,51740,2710,2857,6439,54520,794606,15827,29579,5291,3,3,0,1073,3,1,537.19,1,0,2,1,0,0,0,3
miss,52619,2035,2146,6455,1927,588381,12807,46667,5403,3,3,0,901,3,2,476.24,1,1,2,1,0,0,0,3
miss,52655,2268,2378,6451,4143,638634,12671,29817,5419,3,3,0,657,3,1,417.72,1,0,2,1,0,0,0,3
miss,52685,1620,1721,6478,1895,458917,12711,25449,5419,3,3,0,3147,3,1,353.54,1,0,2,1,0,0,0,3
miss,52800,2540,2665,6439,57269,719502,12903,30061,5391,3,3,0,1101,3,1,510.34,1,0,2,1,0,0,0,3
miss,53089,2660,2786,12291,58639,755666,13135,30642,5371,3,3,0,1421,3,1,529.88,1,0,2,1,0,0,0,3
miss,53779,2392,2505,6579,54459,674114,15743,28199,5423,3,3,0,951,3,1,475.24,1,0,2,1,0,0,0,3
miss,54492,2714,2827,15687,60627,749094,13102,35255,7979,3,3,0,933,3,1,536.19,1,0,2,1,0,0,0,3
miss,54767,2488,2566,6419,53649,710402,12675,33771,5271,2,2,0,1182,2,1,550.16,1,1,2,1,0,0,0,2
miss,55310,2560,2659,6463,53628,745790,12831,29844,5379,3,3,0,1227,3,1,536.34,1,0,2,1,0,0,0,3
miss,55596,2420,2527,6539,56343,686638,12679,33205,5335,3,3,0,1087,3,1,517.73,1,0,2,1,0,0,0,2
miss,56117,2469,2568,9183,1856,758554,12759,30147,5263,3,3,0,1589,3,1,559.85,1,0,2,1,0,0,0,3
miss,56537,2629,2748,6499,53885,765430,12647,33185,5303,3,3,0,1261,3,2,588.60,1,0,2,1,0,0,0,3
miss,57239,2607,2749,6403,54663,755366,13367,35443,5243,3,3,0,1095,3,1,553.66,1,0,2,1,0,0,0,3
miss,58410,2633,2744,6518,53399,772850,12655,30020,5295,3,3,0,1373,3,1,557.92,1,0,2,1,0,0,0,3
miss,59849,2533,2649,6427,1883,780901,12912,36503,5451,3,3,0,1563,3,1,580.05,1,0,2,1,0,0,0,3
miss,60467,1941,2073,6347,4091,547430,12643,39417,5423,3,3,0,1049,3,2,364.41,1,0,2,1,0,0,0,3
miss,60609,2455,2573,6427,1883,720906,28135,42103,5351,3,3,0,2265,3,1,545.95,1,1,2,1,0,0,0,3
miss,60684,2352,2469,9135,59808,671830,12699,24552,5403,3,3,0,1067,3,1,451.89,1,0,2,1,0,0,0,3
miss,61513,2502,2615,6419,24423,748678,13196,25067,5311,3,3,0,1273,3,1,551.84,1,0,2,1,0,0,0,3
miss,62034,2515,2634,6487,57540,720958,12659,30071,5359,3,3,0,1283,3,1,496.09,1,0,2,1,0,0,0,3
miss,62202,2363,2492,6374,29586,675594,12883,38705,5323,3,3,0,1209,3,1,452.07,1,0,2,1,0,0,0,3
miss,62615,2410,2491,6467,56463,678641,12635,28907,7971,3,3,0,1367,3,1,436.95,1,0,2,1,0,0,0,3
miss,64805,2712,2836,6439,54379,794582,12739,35664,5383,3,3,0,1087,3,2,629.89,1,0,2,1,0,0,0,3
miss,67933,2682,2794,6415,23109,829010,12915,27204,5403,3,3,0,2487,3,1,642.89,1,0,2,1,0,0,0,3
miss,68279,2664,2759,6419,65483,764910,13103,33531,5351,3,3,0,1065,3,1,561.36,1,0,2,1,0,0,0,3
miss,69155,2054,2145,6435,1883,607266,15847,28695,5311,3,3,0,893,3,2,449.26,1,1,2,1,0,0,0,3
miss,69192,1933,2022,6488,1879,564900,12767,28036,5319,3,3,0,3201,3,1,322.96,1,1,2,1,0,0,0,3
miss,69223,2075,2184,6412,1894,546141,12715,40161,5379,4,4,0,3352,4,1,332.85,1,0,2,1,0,0,0,4
miss,69338,2586,2706,6479,54777,743770,12783,34417,5523,3,3,0,1113,3,1,540.39,1,0,2,1,0,0,0,3
miss,69629,2696,2785,6459,59904,771050,13144,38247,5319,3,3,0,1419,3,1,536.24,1,0,2,1,0,0,0,3
miss,69735,1529,1650,7111,94331,249350,13095,38489,5375,1,1,0,425,1,1,97.47,1,0,2,0,0,0,0,4
miss,70319,2511,2638,20662,54539,698190,12767,36003,5343,3,3,0,945,3,1,488.96,1,0,2,1,0,0,0,3
miss,71029,2676,2798,6423,54423,777054,13195,34443,5347,3,3,0,1051,3,1,590.32,1,0,2,1,0,0,0,3
miss,71304,2388,2514,6471,56779,678482,12695,28963,5319,2,2,0,976,2,2,500.03,1,0,2,1,0,0,0,2
miss,71849,2520,2622,6451,59906,707798,12839,37867,5391,3,3,0,1149,3,1,482.82,1,0,2,1,0,0,0,3
miss,72133,2407,2520,9167,56459,681833,12723,30427,5359,3,3,0,1097,3,1,497.14,1,0,2,1,0,0,0,3
miss,72653,2362,2450,6511,1971,730854,12767,30815,5283,3,3,0,1593,3,1,534.23,1,0,2,1,0,0,0,2
miss,73074,2638,2764,6479,58840,767210,12867,24059,5243,3,3,0,1261,3,2,607.83,1,0,2,1,0,0,0,3
miss,73775,2521,2641,6491,57551,734850,13104,25159,5223,3,3,0,1101,3,1,510.02,1,0,2,1,0,0,0,3
miss,74949,2693,2819,6431,53832,791358,12763,30015,5383,3,3,0,1381,3,1,587.45,1,0,2,1,0,0,0,3
miss,75809,1475,1689,6203,62935,279456,13027,68439,7143,1,1,0,449,1,0,26.26,0,0,2,0,0,0,0,4
miss,76386,2484,2595,6399,1891,770870,12887,38053,5495,3,3,0,1629,3,1,567.32,1,0,2,1,0,0,0,3
miss,77004,1799,1917,6479,1883,522401,12659,27743,5311,3,3,0,1049,3,2,329.91,1,0,2,1,0,0,0,3
miss,77148,2545,2664,8727,2247,766522,12667,46004,8943,3,3,0,2265,3,1,573.97,1,1,2,1,0,0,0,3
miss,77220,2397,2530,6555,54349,676922,12679,40933,5327,4,4,0,1420,4,1,460.19,1,0,2,1,0,0,0,4
miss,78049,2524,2681,6455,22579,755621,13151,38315,5370,3,3,0,1295,3,1,523.81,1,0,2,1,0,0,0,3
miss,78570,2592,2710,6511,57267,747778,12715,27821,5399,3,3,0,1283,3,1,518.27,1,0,2,1,0,0,0,3
miss,78739,2328,2468,6511,23439,686526,12691,33185,5303,3,3,0,1207,3,1,504.05,1,0,2,1,0,0,0,3
miss,79153,2521,2630,6411,53635,716654,15535,41613,5339,3,3,0,1367,3,1,511.92,1,0,2,1,0,0,0,3
miss,81342,2717,2809,8011,54575,778546,12778,24375,5283,3,3,0,1089,3,1,578.01,1,0,2,1,0,0,0,3
miss,84470,2663,2781,6467,25217,807154,12771,32037,5343,3,3,0,2487,3,1,582.09,1,0,2,1,0,0,0,3
miss,84815,2604,2707,6499,57711,750906,13284,34731,5399,3,3,0,1073,3,1,553.46,1,0,2,1,0,0,0,3
miss,85692,1992,2123,8511,1935,562086,12767,40609,5343,4,4,0,1092,4,1,349.68,1,0,2,1,0,0,0,3
miss,85730,2344,2471,6499,1895,687370,12723,49191,7039,4,4,0,3412,4,1,518.31,1,1,2,1,0,0,0,3
miss,85759,1739,1835,6395,4583,490530,12699,33001,5395,4,4,0,4196,4,1,309.43,1,0,2,1,0,0,0,4
miss,85877,2493,2607,6499,57443,701930,12923,29659,5315,3,3,0,1113,3,1,515.83,1,0,2,1,0,0,0,3
miss,86165,2647,2729,13347,66405,747922,13227,35249,5387,3,3,0,1419,3,1,536.55,1,0,2,1,0,0,0,3
miss,86855,2437,2548,6463,54457,696382,12675,31005,5379,4,4,0,1268,4,2,516.65,1,0,2,1,0,0,0,4
miss,88097,2555,2688,6543,1874,781294,12687,41019,5403,3,3,0,1581,3,1,548.11,1,0,2,1,0,0,0,3
miss,88718,1910,2007,6443,1894,554526,12791,35837,5331,3,3,0,1049,3,1,384.88,1,0,2,1,0,0,0,3
miss,88860,2443,2568,6390,1895,739558,12723,36475,5315,3,3,0,2295,3,1,511.23,1,1,2,1,0,0,0,2
miss,88884,1916,2014,6466,1887,559978,12711,32831,5267,2,2,0,1296,2,2,453.07,1,1,2,1,0,0,0,2
miss,88937,2369,2499,6443,58873,660870,13026,33757,5359,3,3,0,1069,3,1,466.10,1,0,2,1,0,0,0,3
miss,89203,2005,2138,6427,53724,541562,13187,30567,5470,3,3,0,1395,3,1,375.84,1,1,2,1,0,0,0,3
miss,89766,2653,2751,6483,56507,771874,12707,26907,5507,3,3,0,1251,3,1,543.35,1,0,2,1,0,0,0,3
miss,90287,2538,2655,6439,57567,739802,13240,24459,5375,3,3,0,1247,3,1,491.01,1,0,2,1,0,0,0,3
miss,90450,2301,2407,6375,22867,680806,13148,29069,5383,3,3,0,1153,3,1,435.91,1,0,2,1,0,0,0,3
miss,90870,2672,2777,6807,57289,746398,12939,38265,5399,3,3,0,1421,3,1,545.28,1,0,2,1,0,0,0,3
miss,91175,1500,1612,8755,60581,241174,12815,33569,5311,1,1,0,427,1,1,97.09,1,0,2,0,0,0,0,4
miss,93053,2788,2922,6495,54471,816425,13284,37339,5379,3,3,0,1089,3,2,625.35,1,0,2,1,0,0,0,3
miss,96180,2614,2738,6451,25075,790946,12783,28679,5419,2,2,0,1670,2,1,559.93,1,0,2,1,0,0,0,2
miss,96529,2627,2751,6459,54879,752206,12702,29827,5291,3,3,0,1079,3,1,552.23,1,0,2,1,0,0,0,3
miss,97589,2716,2849,6439,60195,785014,12935,33008,5283,3,3,0,1113,3,1,574.86,1,0,2,1,0,0,0,3
miss,97879,2657,2761,6394,54669,762362,12791,29577,5403,3,3,0,1443,3,1,566.69,1,0,2,1,0,0,0,3
miss,98555,2226,2306,6423,54533,611990,13098,30937,5287,3,3,0,1015,3,1,429.86,1,0,2,1,0,0,0,3
miss,99283,2607,2741,6399,54533,766950,12747,33217,5315,3,3,0,1003,3,1,538.72,1,0,2,1,0,0,0,3
miss,99480,1850,1968,6407,1883,541142,12691,30165,5359,3,3,0,1853,3,2,417.88,1,0,2,1,0,0,0,3
miss,99552,2492,2573,6403,59551,698886,12979,31307,5335,3,3,0,1495,3,2,502.77,1,1,2,1,0,0,0,3
miss,99815,1471,1597,23951,59087,224347,12963,29980,5427,1,1,0,431,1,0,28.82,0,0,2,0,0,0,0,4
miss,100099,2638,2802,6451,53983,766442,13080,35295,5375,3,3,0,1207,3,1,509.57,1,0,2,1,0,0,0,3
miss,100385,2446,2559,8071,53829,679542,12679,31303,5407,3,3,0,1137,3,1,465.65,1,0,2,1,0,0,0,3
miss,100902,2367,2507,6523,1903,716978,12739,26773,5299,3,3,0,1541,3,1,512.88,1,0,2,1,0,0,0,3
miss,101327,2607,2738,16379,55187,745990,13063,28831,8027,3,3,0,1263,3,2,564.61,1,0,2,1,0,0,0,3
miss,102023,2605,2751,6479,57622,745078,12695,30647,5403,3,3,0,1123,3,1,559.51,1,0,2,1,0,0,0,3
miss,103200,2589,2701,6467,57873,757709,12755,32677,5355,3,3,0,1347,3,1,568.41,1,0,2,1,0,0,0,3
miss,104634,2453,2557,6519,1831,767566,12691,30383,5395,3,3,0,1637,3,1,561.05,1,0,2,1,0,0,0,3
miss,105257,1875,2002,6443,1875,542194,12695,30613,5351,3,3,0,1039,3,1,375.50,1,0,2,1,0,0,0,3
miss,105395,2289,2437,6523,1880,681458,12747,38597,5411,2,2,0,1530,2,1,520.24,1,0,2,1,0,0,0,2
miss,105420,1966,2067,6443,1943,585386,12743,28191,5383,3,3,0,1965,3,2,507.38,1,1,2,1,0,0,0,3
miss,105474,2433,2545,6459,60371,693086,13323,29095,5207,3,3,0,1067,3,1,521.27,1,0,2,1,0,0,0,3
miss,105739,2034,2131,6363,54007,528721,12767,32423,5403,3,3,0,2181,3,2,313.57,1,1,2,1,0,0,0,3
miss,106302,2628,2742,16591,37099,732410,16055,37256,5295,3,3,0,1293,3,1,512.99,1,0,2,1,0,0,0,3
miss,106823,2605,2769,6523,54959,733258,13095,32457,5351,3,3,0,1247,3,1,535.91,1,0,2,1,0,0,0,3
miss,106989,2507,2633,6500,22834,732393,13015,33681,5363,3,3,0,1155,3,1,511.96,1,0,2,1,0,0,0,3
miss,107408,2544,2648,6467,54703,714078,12787,28023,5407,3,3,0,1423,3,1,510.65,1,0,2,1,0,0,0,3
miss,109590,2802,2905,6463,54663,832370,13103,32371,5359,3,3,0,1869,3,2,654.32,1,0,2,1,0,0,0,3
miss,112719,2714,2833,6439,22343,838994,12826,26641,5463,3,3,0,2511,3,1,644.98,1,0,2,1,0,0,0,3
miss,113069,2650,2757,6483,54479,771374,13163,38843,5287,3,3,0,1081,3,1,531.18,1,0,2,1,0,0,0,3
miss,114126,2548,2666,6367,54427,734754,12715,36771,5267,3,3,0,1113,3,1,517.80,1,0,2,1,0,0,0,3
miss,114419,2495,2623,6439,54407,713090,15663,28139,5363,3,3,0,1419,3,1,484.74,1,0,2,1,0,0,0,3
miss,115093,2262,2387,6515,57335,624346,13187,27935,5327,3,3,0,983,3,1,422.46,1,0,2,1,0,0,0,3
miss,115820,2710,2821,6543,54387,810234,12691,25201,5299,3,3,0,1001,3,1,547.33,1,0,2,1,0,0,0,3
miss,116018,1808,1908,10451,3587,514977,12723,25049,5355,3,3,0,1853,3,2,409.42,1,0,2,1,0,0,0,3
miss,116089,2519,2632,6351,53433,727706,12806,27636,5363,2,2,0,1020,2,2,529.14,1,1,2,1,0,0,0,2
miss,116639,2581,2757,6463,56440,726378,12970,48395,5351,3,3,0,1239,3,1,546.05,1,0,2,1,0,0,0,3
miss,116923,2479,2592,6439,56337,718806,12763,24951,5339,3,3,0,1135,3,1,472.96,1,0,2,1,0,0,0,3
miss,117440,2418,2520,6428,1906,736269,12759,29501,5323,3,3,0,1541,3,1,544.38,1,0,2,1,0,0,0,3
miss,117863,2792,2934,9079,53905,743886,13072,30533,5399,3,3,0,2013,3,1,539.98,1,0,2,1,0,0,0,3
miss,118560,2628,2753,8575,61507,747938,12747,38519,5487,3,3,0,1083,3,1,483.87,1,0,2,1,0,0,0,3
miss,119735,2615,2741,6359,53851,773642,12779,30789,5335,3,3,0,1339,3,1,567.35,1,0,2,1,0,0,0,3
miss,121171,2485,2590,6419,1895,776754,13079,29667,5299,3,3,0,1637,3,1,596.98,1,0,2,1,0,0,0,3
miss,121793,1961,2061,6439,1895,573325,12743,33141,5315,3,3,0,1049,3,2,444.69,1,0,2,1,0,0,0,3
miss,121933,2302,2414,6519,4535,700270,12715,27381,5359,2,2,0,1530,2,1,538.54,1,0,2,1,0,0,0,2
miss,121959,2105,2257,6411,1875,547594,19042,38023,5343,2,2,0,1296,2,1,488.06,1,1,2,1,0,0,0,2
miss,122011,2419,2552,6423,54519,681838,13288,38027,5311,3,3,0,1067,3,1,560.48,1,0,2,1,0,0,0,3
miss,122023,1575,1666,6491,68055,307718,13079,25413,5431,1,1,0,359,1,1,245.39,1,0,2,1,0,0,0,4
miss,122279,2141,2254,6483,53643,515486,12927,42931,5296,2,2,0,930,2,2,454.17,1,1,2,1,0,0,0,2
miss,122839,2549,2661,6463,22896,770634,12739,32429,5279,3,3,0,1267,3,1,556.81,1,0,2,1,0,0,0,3
miss,123361,2601,2748,6447,57397,757686,13075,28835,5327,3,3,0,1247,3,1,541.41,1,0,2,1,0,0,0,3
miss,123527,2374,2484,6427,22889,705550,12968,33649,5407,3,3,0,1155,3,1,533.77,1,0,2,1,0,0,0,3
miss,123947,2383,2546,6503,58006,667506,12727,25483,5259,2,2,0,940,2,1,478.42,1,0,2,1,0,0,0,2
miss,126128,2824,2950,6527,54299,809270,13152,46983,7127,3,3,0,1089,3,1,610.24,1,0,2,1,0,0,0,3
miss,129257,2757,2882,6475,25339,841786,15483,28177,5411,3,3,0,2445,3,1,634.56,1,0,2,1,0,0,0,3
miss,129605,2540,2686,9131,54415,734302,12919,31650,5315,3,3,0,1079,3,1,530.26,1,0,2,1,0,0,0,3
miss,130663,2834,2938,6506,60413,772054,15683,38937,5403,3,3,0,1113,3,1,534.83,1,0,2,1,0,0,0,3
miss,130955,2589,2709,6471,54571,747082,12717,32551,5295,3,3,0,1443,3,1,493.99,1,0,2,1,0,0,0,3
miss,131629,2253,2386,6523,59923,620054,13175,27241,5266,3,3,0,1137,3,1,413.95,1,0,2,1,0,0,0,3
miss,132887,2451,2566,6391,2243,754153,12782,29076,5338,3,3,0,1639,3,1,543.22,1,0,2,1,0,0,0,3
miss,133163,2071,2204,6563,60013,546170,12979,31129,5246,3,3,0,2119,3,1,418.41,1,0,2,1,0,0,0,3
miss,133505,1800,1927,6459,3475,508066,12811,31089,5375,3,3,0,1071,3,2,307.65,1,0,2,1,0,0,0,3
miss,133650,2444,2548,6435,1943,743742,12611,35231,5407,3,3,0,2277,3,1,528.84,1,1,2,1,0,0,0,2
miss,133722,2280,2370,6490,54615,623566,12827,33291,5399,3,3,0,1061,3,1,414.04,1,0,2,1,0,0,0,3
miss,133992,2031,2222,6451,54276,555970,12831,27398,5379,3,3,0,1403,3,1,382.02,1,1,2,1,0,0,0,3
miss,134555,2574,2677,6444,59558,726430,13339,45619,5403,3,3,0,1195,3,1,528.23,1,0,2,1,0,0,0,3
miss,135090,2491,2633,6567,59791,720370,12879,25015,5319,2,2,0,806,2,1,573.30,1,0,2,1,0,0,0,2
miss,135241,2174,2308,6435,22889,640134,13179,27515,5347,3,3,0,1155,3,1,451.54,1,0,2,1,0,0,0,3
miss,135659,2471,2581,6407,57364,703506,12723,35516,5347,3,3,0,1335,3,1,516.74,1,0,2,1,0,0,0,3
miss,137844,2711,2845,6483,57201,802562,12679,27213,5399,3,3,0,1089,3,2,631.18,1,0,2,1,0,0,0,3
miss,140971,2681,2795,6387,22167,831530,12731,25041,5367,3,3,0,2505,3,1,627.46,1,0,2,1,0,0,0,3
miss,141319,2616,2750,6411,59867,752666,13059,37923,5359,3,3,0,1073,3,1,548.41,1,0,2,1,0,0,0,3
miss,142379,2644,2762,6395,54433,764658,12739,38425,5387,3,3,0,1113,3,1,553.59,1,0,2,1,0,0,0,3
miss,142667,2716,2812,6423,62433,770118,13304,41389,5399,3,3,0,1423,3,1,556.05,1,0,2,1,0,0,0,3
miss,143359,2491,2617,6691,59274,708534,12863,29011,5423,3,3,0,957,3,1,539.73,1,0,2,1,0,0,0,3
miss,144073,2632,2757,6387,57047,771778,13100,26987,5359,3,3,0,1097,3,1,569.81,1,0,2,1,0,0,0,3
miss,144353,2544,2641,8823,54007,727434,12811,29755,5347,3,3,0,1405,3,1,517.23,1,1,2,1,0,0,0,3
miss,144887,2594,2717,9127,56641,744230,12779,35279,5383,3,3,0,1133,3,1,527.19,1,0,2,1,0,0,0,3
miss,145175,2475,2575,6399,56715,707174,12871,29491,5347,3,3,0,1081,3,1,481.43,1,0,2,1,0,0,0,3
miss,145693,2454,2544,6459,4583,748506,12763,32929,8219,3,3,0,1495,3,1,501.43,1,0,2,1,0,0,0,3
miss,146100,2622,2754,6507,53888,765690,12810,30210,5306,3,3,0,1211,3,1,534.66,1,0,2,1,0,0,0,3
miss,146814,2644,2754,6403,57283,749002,13303,49695,5315,3,3,0,1065,3,1,515.39,1,0,2,1,0,0,0,3
miss,147989,2749,2951,6435,57252,783186,12727,39239,5331,3,3,0,1365,3,1,537.69,1,0,2,1,0,0,0,3
miss,149424,2479,2583,6391,1951,771782,15219,30317,5203,3,3,0,1639,3,1,546.46,1,0,2,1,0,0,0,3
miss,149701,1996,2114,6455,54397,537978,15844,27899,5339,3,3,0,1233,3,1,407.64,1,1,2,1,0,0,0,3
miss,150043,1861,1971,6551,1960,541457,12776,29495,5339,3,3,0,1071,3,1,263.93,1,0,2,1,0,0,0,3
miss,150186,2304,2414,6475,1859,703194,12662,30396,5403,3,3,0,2277,3,1,492.14,1,0,2,1,0,0,0,2
miss,150259,2341,2453,6451,54568,669454,12963,26902,5388,3,3,0,1061,3,1,486.51,1,0,2,1,0,0,0,3
miss,150529,2243,2384,6531,56707,611170,13131,41047,5363,3,3,0,2245,3,2,449.34,1,1,2,1,0,0,0,3
miss,151093,2561,2672,6431,56465,737242,13236,32775,5431,3,3,0,1195,3,1,493.33,1,0,2,1,0,0,0,3
miss,151628,2564,2711,6479,55995,735950,12886,29159,5247,3,3,0,1209,3,1,508.15,1,0,2,1,0,0,0,3
miss,151778,2394,2512,11091,23817,697150,12814,32899,5414,3,3,0,1269,3,1,458.65,1,0,2,1,0,0,0,3
miss,152195,2303,2398,6483,56699,640454,12847,35591,5419,3,3,0,1391,3,1,420.57,1,0,2,1,0,0,0,3
miss,154381,2743,2854,6495,54455,800582,12674,32867,5411,3,3,0,1089,3,1,592.14,1,0,2,1,0,0,0,3
miss,157509,2777,2859,6355,22339,814612,12762,42943,7702,3,3,0,2505,3,1,574.59,1,0,2,1,0,0,0,3
miss,157859,2668,2804,13366,67505,732278,13342,51751,5319,3,3,0,1065,3,1,463.08,1,0,2,1,0,0,0,3
miss,158915,2570,2687,6511,54459,738010,12923,38020,5271,3,3,0,1113,3,1,558.62,1,0,2,1,0,0,0,3
miss,159204,2528,2631,6435,53853,717582,13236,42809,5195,3,3,0,1423,3,1,464.85,1,0,2,1,0,0,0,3
miss,159899,2596,2739,6511,54551,736714,12871,37384,5395,3,3,0,953,3,2,545.86,1,0,2,1,0,0,0,3
miss,159911,1492,1610,6503,76149,203927,19463,56819,6291,1,1,0,315,1,0,18.54,0,0,2,1,0,0,0,4
miss,160609,2712,2837,8247,60139,784169,13240,37792,5315,3,3,0,1017,3,1,559.42,1,0,2,1,0,0,0,3
miss,160890,2545,2684,6387,54425,724782,12759,36703,5307,3,3,0,1405,3,2,604.73,1,1,2,1,0,0,0,2
miss,161423,2503,2577,6415,53844,707958,13155,35168,5271,3,3,0,1133,3,1,510.16,1,0,2,1,0,0,0,2
miss,161447,1510,1635,6379,65323,235838,12799,28044,8511,1,1,0,439,1,1,79.54,1,0,2,1,0,0,0,4
miss,161575,1462,1560,6479,75463,259522,12755,24919,5415,1,1,0,473,1,1,133.96,1,0,2,0,0,0,0,4
miss,161713,2445,2570,6439,53663,700970,12959,27231,5339,3,3,0,1081,3,1,450.69,1,0,2,1,0,0,0,3
miss,162230,2287,2414,6463,1911,701810,12875,27503,5355,3,3,0,1495,3,1,463.15,1,0,2,1,0,0,0,3
miss,162638,2475,2651,6419,53647,695222,12787,27588,5211,3,3,0,1213,3,1,514.03,1,0,2,1,0,0,0,3
miss,163350,2587,2700,6555,57321,742414,13076,38075,5387,3,3,0,1063,3,1,521.01,1,0,2,1,0,0,0,3
miss,164526,2575,2694,6487,56649,753446,12742,28039,5267,3,3,0,1379,3,1,543.47,1,0,2,1,0,0,0,3
miss,165961,2494,2614,6479,1964,785213,12831,24857,5239,3,3,0,1639,3,1,565.43,1,0,2,1,0,0,0,3
miss,166238,2317,2422,11399,67580,588633,13003,46554,8011,3,3,0,2119,3,2,440.39,1,0,2,1,0,0,0,3
miss,166580,1825,1948,6399,1895,516178,12771,38397,8079,3,3,0,1071,3,2,308.94,1,0,2,1,0,0,0,3
miss,166723,2368,2517,6415,1863,731282,12807,26141,5363,3,3,0,2277,3,1,535.05,1,0,2,1,0,0,0,2
miss,166799,2491,2625,8506,55849,680794,12947,49523,5339,3,3,0,1077,3,1,464.92,1,0,2,1,0,0,0,3
miss,167069,2201,2313,11114,74903,557578,12767,31999,5263,3,3,0,1389,3,1,422.35,1,0,2,1,0,0,0,3
miss,167630,2608,2733,6403,53803,759178,13114,33447,5359,3,3,0,1195,3,1,497.77,1,0,2,1,0,0,0,3
miss,168167,2812,2938,6423,54373,774678,12947,31765,5379,3,3,0,1209,3,2,564.12,1,0,2,1,0,0,0,3
miss,168317,2361,2480,6551,25637,689006,12691,30389,5387,3,3,0,1269,3,1,458.33,1,0,2,1,0,0,0,3
miss,168733,2609,2741,6399,56647,729235,12758,51531,5423,3,3,0,1391,3,1,472.43,1,0,2,1,0,0,0,3
miss,168743,1586,1690,6563,54169,305570,12695,35951,5403,1,1,0,485,1,1,192.38,1,0,2,1,0,0,0,4
miss,170919,2932,3035,6567,59939,827214,12715,29791,5407,3,3,0,1089,3,1,586.15,1,0,2,1,0,0,0,3
miss,174047,2625,2730,6428,22578,797222,12859,30473,5375,3,3,0,2505,3,1,566.44,1,0,2,1,0,0,0,3
miss,174396,2586,2711,6459,57141,754430,13099,30807,5247,3,3,0,1075,3,1,520.56,1,0,2,1,0,0,0,3
miss,175453,2691,2802,6491,59775,779069,12759,32883,5311,3,3,0,1113,3,1,580.05,1,0,2,1,0,0,0,3
miss,175740,2627,2756,6399,56607,759426,13123,33011,5339,3,3,0,1425,3,1,536.78,1,0,2,1,0,0,0,3
miss,176435,2548,2665,6535,57625,735542,12767,26029,5259,4,4,0,1270,4,2,598.70,1,0,2,1,0,0,0,4
miss,177677,2487,2612,6435,1891,781329,12895,25629,8035,3,3,0,1631,3,1,599.14,1,0,2,1,0,0,0,3
miss,178295,1838,1950,6455,1895,523177,12879,30577,5363,3,3,0,1047,3,2,441.04,1,0,2,1,0,0,0,3
miss,178440,2393,2518,6443,1883,739066,12791,24375,5403,3,3,0,3309,3,1,521.36,1,1,2,1,0,0,0,3
miss,178513,2508,2641,6639,60104,711494,13112,26419,5379,3,3,0,1065,3,1,502.84,1,0,2,1,0,0,0,3
miss,179340,2571,2673,6483,22397,773446,12747,34349,5306,3,3,0,1283,3,1,550.56,1,0,2,1,0,0,0,3
miss,179863,2560,2669,6399,54620,745002,13160,26923,5355,3,3,0,1141,3,1,545.32,1,0,2,1,0,0,0,3
miss,180031,2328,2455,6491,23323,686489,12996,26513,5355,3,3,0,1229,3,1,465.13,1,0,2,1,0,0,0,3
miss,180444,2473,2585,6419,59619,710658,12739,24511,5363,3,3,0,1369,3,1,556.42,1,0,2,1,0,0,0,3
miss,180647,1489,1621,8071,57763,220404,15371,35613,5399,1,1,0,427,1,0,26.44,0,0,2,0,0,0,0,4
miss,182633,2839,2933,6555,56127,811518,13492,38343,5371,3,3,0,1089,3,2,624.45,1,0,2,1,0,0,0,3
miss,185761,2677,2759,6431,35947,801714,12691,31789,5363,3,3,0,2491,3,1,624.46,1,0,2,1,0,0,0,3
miss,186107,2556,2676,6463,54517,742282,12699,31923,5355,3,3,0,1065,3,1,529.82,1,0,2,1,0,0,0,3
miss,187169,2725,2814,10571,70811,744637,15919,37967,5379,3,3,0,1113,3,1,534.73,1,0,2,1,0,0,0,3
miss,187458,2618,2731,6479,60017,746514,12962,35567,5219,3,3,0,1419,3,1,581.54,1,0,2,1,0,0,0,3
miss,188149,2489,2631,6523,54487,705970,13579,30483,5327,3,3,0,955,3,1,494.63,1,0,2,1,0,0,0,3
miss,188858,2611,2749,6448,54728,763542,15515,26849,5339,3,3,0,1019,3,1,535.16,1,0,2,1,0,0,0,3
miss,189133,2572,2684,6491,56625,738646,12759,32811,5375,3,3,0,1745,3,1,534.09,1,1,2,1,0,0,0,3
miss,189677,2520,2669,6595,53551,733666,13024,27284,5347,3,3,0,1227,3,1,568.91,1,0,2,1,0,0,0,3
miss,189965,2501,2618,6523,53796,708182,12803,27667,8063,3,3,0,1077,3,1,497.38,1,0,2,1,0,0,0,3
miss,190483,2441,2567,6495,1895,755322,12915,23859,5439,3,3,0,1605,3,1,574.29,1,0,2,1,0,0,0,3
miss,190902,2620,2720,6539,56963,744286,13284,38719,5339,3,3,0,1263,3,2,556.67,1,0,2,1,0,0,0,3
miss,191604,2529,2656,6415,54483,736510,13043,23971,5351,3,3,0,1109,3,1,529.20,1,0,2,1,0,0,0,3
miss,192779,2697,2778,6503,53693,781837,12699,46505,5283,3,3,0,1377,3,1,534.12,1,0,2,1,0,0,0,3
miss,194214,2450,2563,6447,1895,761318,12707,30249,5199,3,3,0,1631,3,1,552.58,1,0,2,1,0,0,0,3
miss,194833,1690,1784,6375,1919,483614,12799,27789,5423,3,3,0,1047,3,1,293.98,1,0,2,1,0,0,0,3
miss,194976,2251,2362,6359,1919,687502,12716,27559,5427,2,2,0,2206,2,1,470.66,1,0,2,1,0,0,0,2
miss,195050,2517,2643,6447,54593,732778,13083,27841,5243,3,3,0,1065,3,1,516.58,1,0,2,1,0,0,0,3
miss,195879,2788,2903,6411,22581,790962,12891,30956,5511,3,3,0,1279,3,1,516.50,1,0,2,1,0,0,0,3
miss,196399,2630,2730,6423,58863,741638,13127,40943,5427,3,3,0,1147,3,1,509.78,1,0,2,1,0,0,0,3
miss,196568,2325,2468,10463,24751,685662,13059,29788,5327,3,3,0,1229,3,1,487.18,1,0,2,1,0,0,0,3
miss,196583,1481,1602,10531,62131,229522,13103,27207,7947,1,1,0,407,1,1,110.62,1,0,2,1,0,0,0,4
miss,196980,2467,2576,6439,53689,709218,12811,29631,5315,3,3,0,1395,3,1,473.90,1,0,2,1,0,0,0,3
miss,199170,2775,2894,11635,62108,796566,13239,34651,5335,3,3,0,1869,3,2,648.27,1,0,2,1,0,0,0,3
miss,202299,2735,2867,6483,22775,838946,14591,32317,5271,3,3,0,2491,3,1,605.07,1,0,2,1,0,0,0,3
miss,202644,2516,2658,6442,54475,734497,12755,27163,5407,3,3,0,1065,3,1,514.92,1,0,2,1,0,0,0,3
miss,203706,2542,2655,6439,57119,742598,12651,29151,5327,3,3,0,1113,3,1,510.61,1,0,2,1,0,0,0,3
miss,203994,2497,2607,6367,54495,715022,15719,31405,5267,3,3,0,1419,3,1,525.38,1,0,2,1,0,0,0,3
miss,204689,2535,2663,6391,54503,715370,13143,38801,5383,3,3,0,951,3,2,545.43,1,0,2,1,0,0,0,3
miss,205397,2675,2802,6479,59855,760738,12655,40331,5331,3,3,0,1015,3,1,550.20,1,0,2,1,0,0,0,3
miss,205670,1876,1980,6559,61957,486966,12791,31091,5330,1,1,0,579,1,1,485.19,1,1,2,1,0,0,0,1
miss,206214,2721,2818,8839,58401,779346,12951,44421,5411,3,3,0,1227,3,1,566.95,1,0,2,1,0,0,0,3
miss,206220,1458,1563,6463,53751,317104,12987,38711,5343,1,1,0,421,1,0,43.02,0,0,2,1,0,0,0,4
miss,206503,2685,2788,6611,59157,714134,12750,30031,5415,3,3,0,1077,3,1,501.37,1,0,2,1,0,0,0,3
miss,206761,1790,1916,15955,88999,404366,14311,34011,5399,1,1,0,437,1,1,373.88,1,0,2,0,0,0,0,3
